shipment_id,po_id,vessel_name,departure_date,eta_date,actual_arrival_date,port_congestion_index
SHP2000,PO2093,MV OceanStar,2025-09-19,2026-12-17,2027-03-25,89
SHP2001,PO2059,MV Titan,2024-03-08,2028-01-12,2028-04-07,55
SHP2002,PO1144,MV Titan,2025-12-31,2023-12-01,2025-02-27,71
SHP2003,PO2578,MV OceanStar,2028-05-24,2025-03-10,2023-06-17,51
SHP2004,PO2308,MV Horizon,2023-03-10,2026-05-09,2027-02-28,83
SHP2005,PO2227,MV Titan,2023-06-08,2027-11-11,2025-08-22,88
SHP2006,PO2120,MV Horizon,2023-11-26,2024-08-06,2026-02-19,41
SHP2007,PO2615,MV Titan,2026-01-24,2027-02-23,2027-11-28,48
SHP2008,PO2292,MV OceanStar,2023-12-01,2026-05-22,2026-06-02,94
SHP2009,PO2422,MV Titan,2026-09-06,2025-09-27,2028-05-31,51
SHP2010,PO1269,MV Titan,2028-03-31,2027-12-20,2025-11-11,79
SHP2011,PO1447,MV Horizon,2023-12-05,2027-01-13,2028-05-12,73
SHP2012,PO2707,MV OceanStar,2024-09-29,2026-05-25,2023-06-11,55
SHP2013,PO1131,MV Titan,2026-01-29,2027-08-22,2028-02-12,53
SHP2014,PO2766,MV OceanStar,2023-10-05,2024-10-28,2027-01-19,91
SHP2015,PO1654,MV Horizon,2028-03-03,2026-08-30,2025-10-09,53
SHP2016,PO1011,MV Titan,2027-01-08,2023-04-04,2028-06-29,43
SHP2017,PO1945,MV Titan,2026-02-15,2025-07-14,2025-06-29,43
SHP2018,PO2732,MV Titan,2027-01-27,2024-01-12,2027-09-25,60
SHP2019,PO2929,MV Titan,2026-02-16,2024-09-09,2025-10-09,57
SHP2020,PO1614,MV Horizon,2023-01-28,2025-10-10,2026-03-09,87
SHP2021,PO1468,MV OceanStar,2025-09-28,2024-09-18,2026-09-02,62
SHP2022,PO1946,MV Titan,2027-01-22,2025-05-18,2023-07-06,45
SHP2023,PO1383,MV Horizon,2024-01-23,2027-08-17,2026-05-27,58
SHP2024,PO2900,MV OceanStar,2025-09-22,2024-03-23,2026-03-07,94
SHP2025,PO2294,MV OceanStar,2024-03-18,2027-12-06,2023-03-17,72
SHP2026,PO2860,MV Titan,2023-01-18,2025-10-16,2027-12-19,92
SHP2027,PO2346,MV OceanStar,2025-11-20,2026-11-05,2023-12-17,59
SHP2028,PO1382,MV Horizon,2028-02-14,2028-06-18,2024-01-05,88
SHP2029,PO2927,MV Horizon,2024-11-26,2026-03-14,2023-06-07,43
SHP2030,PO2244,MV Titan,2023-11-04,2027-05-14,2026-08-26,79
SHP2031,PO2419,MV Titan,2028-04-20,2028-05-10,2023-10-30,72
SHP2032,PO2257,MV OceanStar,2024-07-24,2023-03-26,2027-03-12,69
SHP2033,PO2795,MV Horizon,2026-08-31,2024-08-30,2024-05-01,64
SHP2034,PO2476,MV Titan,2023-10-06,2028-06-25,2026-03-30,84
SHP2035,PO1983,MV Titan,2025-10-28,2024-12-15,2023-12-28,62
SHP2036,PO1104,MV Titan,2026-07-06,2024-08-08,2025-12-24,89
SHP2037,PO1984,MV OceanStar,2027-05-29,2027-03-26,2027-09-17,63
SHP2038,PO1112,MV Titan,2025-11-09,2024-05-27,2026-09-30,56
SHP2039,PO1379,MV Horizon,2026-06-23,2025-03-08,2027-12-31,80
SHP2040,PO1465,MV Horizon,2023-11-18,2024-04-08,2027-03-26,92
SHP2041,PO1466,MV Horizon,2025-07-27,2027-06-06,2026-12-21,68
SHP2042,PO1387,MV Horizon,2026-08-22,2028-02-11,2025-04-29,76
SHP2043,PO2791,MV Horizon,2023-06-20,2027-11-19,2027-05-15,61
SHP2044,PO2657,MV OceanStar,2025-08-04,2024-05-05,2026-07-02,44
SHP2045,PO1693,MV Horizon,2026-11-14,2027-07-29,2027-12-05,49
SHP2046,PO2742,MV OceanStar,2025-02-02,2024-07-23,2024-01-30,46
SHP2047,PO1474,MV OceanStar,2026-04-17,2025-03-22,2025-07-07,59
SHP2048,PO2607,MV OceanStar,2028-03-14,2026-01-17,2024-05-26,94
SHP2049,PO2757,MV OceanStar,2023-01-17,2026-09-22,2025-11-03,56
SHP2050,PO1784,MV Titan,2028-01-08,2024-09-13,2027-01-17,74
SHP2051,PO1761,MV Titan,2025-12-28,2027-08-25,2024-06-25,69
SHP2052,PO2900,MV Horizon,2027-10-24,2025-05-24,2028-02-18,44
SHP2053,PO2177,MV Titan,2024-10-03,2025-11-05,2025-11-11,76
SHP2054,PO2114,MV Titan,2026-02-12,2027-03-22,2023-04-15,78
SHP2055,PO2300,MV Titan,2027-07-21,2024-09-28,2028-05-17,60
SHP2056,PO1246,MV OceanStar,2024-05-31,2023-08-31,2027-07-15,84
SHP2057,PO2401,MV Horizon,2026-09-27,2027-11-09,2024-06-29,63
SHP2058,PO1815,MV Titan,2027-04-27,2023-04-28,2026-01-07,70
SHP2059,PO1424,MV Horizon,2024-12-09,2024-10-10,2025-09-20,52
SHP2060,PO2288,MV OceanStar,2025-03-05,2023-06-21,2025-01-14,92
SHP2061,PO2111,MV Titan,2025-06-19,2023-10-23,2024-09-17,59
SHP2062,PO2213,MV Horizon,2026-12-10,2024-04-25,2026-02-09,94
SHP2063,PO2901,MV OceanStar,2024-10-10,2026-11-21,2024-04-24,47
SHP2064,PO1112,MV Titan,2026-10-03,2024-02-11,2023-09-27,64
SHP2065,PO1300,MV Titan,2024-03-23,2025-02-08,2024-12-12,72
SHP2066,PO2680,MV Horizon,2023-04-22,2026-04-24,2024-12-24,67
SHP2067,PO2204,MV OceanStar,2027-05-16,2027-05-08,2025-03-24,86
SHP2068,PO1771,MV OceanStar,2025-07-28,2024-09-03,2023-09-23,70
SHP2069,PO1999,MV Horizon,2024-09-24,2027-07-29,2024-10-14,53
SHP2070,PO1362,MV Horizon,2028-02-29,2028-04-13,2024-04-25,86
SHP2071,PO1893,MV OceanStar,2023-06-12,2027-02-01,2024-10-17,86
SHP2072,PO2975,MV Titan,2026-11-10,2023-04-21,2027-11-20,94
SHP2073,PO2675,MV Horizon,2027-06-03,2026-08-28,2024-01-24,76
SHP2074,PO2646,MV OceanStar,2027-11-03,2025-07-04,2026-09-05,89
SHP2075,PO1045,MV Titan,2024-11-25,2023-11-22,2025-05-06,83
SHP2076,PO1167,MV Horizon,2024-04-05,2023-12-09,2023-08-27,93
SHP2077,PO1034,MV Titan,2023-01-15,2023-01-28,2026-04-01,45
SHP2078,PO1133,MV Titan,2027-05-04,2027-09-07,2024-10-18,70
SHP2079,PO2629,MV Titan,2027-02-17,2026-11-17,2023-11-19,50
SHP2080,PO2838,MV Horizon,2023-01-22,2025-10-20,2023-08-13,85
SHP2081,PO1896,MV OceanStar,2026-02-09,2025-08-27,2026-08-21,67
SHP2082,PO2294,MV Horizon,2023-06-24,2023-09-27,2023-07-30,92
SHP2083,PO1723,MV Titan,2023-07-17,2025-02-05,2025-06-04,63
SHP2084,PO2536,MV Titan,2025-09-17,2024-11-03,2027-10-25,41
SHP2085,PO2709,MV Titan,2023-11-07,2027-08-11,2028-06-04,56
SHP2086,PO2431,MV Titan,2023-03-21,2028-02-17,2024-09-18,47
SHP2087,PO1598,MV OceanStar,2027-01-20,2026-11-23,2023-09-26,76
SHP2088,PO1257,MV Horizon,2025-11-03,2023-10-18,2025-09-26,50
SHP2089,PO1208,MV Titan,2027-03-21,2024-06-30,2024-09-20,69
SHP2090,PO1969,MV Titan,2027-02-13,2026-08-23,2028-01-24,85
SHP2091,PO1804,MV OceanStar,2027-06-11,2027-05-12,2025-02-15,71
SHP2092,PO2444,MV OceanStar,2025-06-13,2027-08-09,2023-06-01,93
SHP2093,PO1503,MV Titan,2025-01-02,2025-12-11,2028-01-22,61
SHP2094,PO2390,MV OceanStar,2027-03-27,2025-03-25,2027-12-18,91
SHP2095,PO1676,MV Titan,2026-10-24,2027-10-16,2025-04-09,83
SHP2096,PO1649,MV OceanStar,2027-06-30,2028-04-11,2023-08-27,52
SHP2097,PO2594,MV Horizon,2026-05-19,2026-01-08,2027-11-22,51
SHP2098,PO1410,MV Horizon,2026-04-01,2025-08-14,2027-01-08,93
SHP2099,PO1862,MV Titan,2023-07-05,2028-04-18,2027-03-22,43
SHP2100,PO2752,MV Titan,2027-05-14,2027-01-16,2027-04-18,77
SHP2101,PO1012,MV Titan,2023-04-29,2024-08-08,2023-06-08,76
SHP2102,PO1910,MV OceanStar,2027-12-31,2024-01-07,2027-03-01,55
SHP2103,PO2402,MV Titan,2027-02-24,2027-11-07,2025-04-17,56
SHP2104,PO2218,MV Titan,2024-04-01,2025-12-27,2027-10-15,81
SHP2105,PO1715,MV OceanStar,2027-04-02,2027-06-16,2023-12-17,54
SHP2106,PO1811,MV Horizon,2027-12-30,2027-01-19,2026-10-18,85
SHP2107,PO1114,MV Horizon,2027-06-27,2025-08-10,2023-12-11,44
SHP2108,PO2845,MV OceanStar,2025-03-25,2023-05-02,2024-07-20,64
SHP2109,PO2024,MV Titan,2024-06-20,2027-12-20,2025-08-09,86
SHP2110,PO2164,MV OceanStar,2025-12-30,2026-08-29,2024-01-07,52
SHP2111,PO2598,MV OceanStar,2024-08-16,2024-12-29,2026-08-01,82
SHP2112,PO1239,MV OceanStar,2024-12-21,2027-11-10,2027-10-01,84
SHP2113,PO1918,MV Titan,2025-05-06,2026-10-08,2027-10-25,69
SHP2114,PO1775,MV Titan,2025-06-10,2024-10-30,2024-08-19,65
SHP2115,PO1399,MV OceanStar,2027-01-07,2023-05-11,2026-04-01,79
SHP2116,PO2868,MV Titan,2023-08-18,2023-03-18,2027-09-30,79
SHP2117,PO1431,MV OceanStar,2026-06-15,2026-03-25,2027-02-19,67
SHP2118,PO2831,MV Titan,2025-08-10,2023-08-28,2023-01-20,67
SHP2119,PO1320,MV OceanStar,2027-02-15,2026-12-18,2027-04-26,73
SHP2120,PO1479,MV Titan,2023-09-04,2025-02-01,2025-10-03,64
SHP2121,PO1654,MV Horizon,2028-04-09,2023-04-27,2026-12-31,62
SHP2122,PO1399,MV Horizon,2027-03-28,2023-05-25,2028-03-02,68
SHP2123,PO2474,MV Horizon,2026-02-10,2025-05-19,2023-07-24,42
SHP2124,PO2793,MV Horizon,2023-03-14,2023-09-07,2025-05-16,87
SHP2125,PO2371,MV Titan,2023-05-10,2024-08-08,2027-03-10,44
SHP2126,PO1098,MV Titan,2026-04-05,2027-12-29,2025-06-25,52
SHP2127,PO1558,MV Horizon,2025-11-16,2025-01-12,2024-12-11,75
SHP2128,PO2137,MV Horizon,2023-08-16,2025-07-18,2024-07-07,77
SHP2129,PO1803,MV Horizon,2026-07-12,2025-04-28,2025-08-06,76
SHP2130,PO2097,MV Titan,2024-02-02,2023-07-20,2023-05-31,41
SHP2131,PO2878,MV Titan,2027-07-31,2025-01-13,2026-08-27,63
SHP2132,PO2011,MV Horizon,2026-12-18,2026-05-06,2026-07-24,51
SHP2133,PO1418,MV Titan,2026-12-06,2023-01-26,2027-05-24,60
SHP2134,PO1807,MV Horizon,2027-05-22,2025-07-29,2026-03-27,66
SHP2135,PO1670,MV OceanStar,2024-12-12,2026-11-04,2026-05-16,54
SHP2136,PO1713,MV Titan,2023-01-13,2023-02-15,2023-04-19,49
SHP2137,PO1175,MV OceanStar,2024-12-08,2025-09-15,2024-05-08,55
SHP2138,PO2851,MV Titan,2028-02-23,2023-06-20,2023-04-12,89
SHP2139,PO2231,MV Horizon,2026-04-03,2024-09-13,2027-11-16,94
SHP2140,PO2783,MV OceanStar,2026-12-02,2024-04-02,2028-01-09,60
SHP2141,PO2307,MV Horizon,2024-12-16,2027-12-29,2026-01-09,87
SHP2142,PO2872,MV OceanStar,2026-10-20,2025-06-09,2024-07-11,92
SHP2143,PO1703,MV OceanStar,2027-09-11,2028-02-01,2027-06-26,88
SHP2144,PO2820,MV Horizon,2025-01-21,2024-05-09,2025-07-03,46
SHP2145,PO2090,MV Titan,2023-09-08,2023-10-18,2024-09-07,83
SHP2146,PO2669,MV OceanStar,2024-04-06,2023-11-04,2025-07-28,51
SHP2147,PO2373,MV Horizon,2024-04-25,2027-12-24,2023-08-10,41
SHP2148,PO1615,MV OceanStar,2026-01-04,2025-06-24,2023-06-23,43
SHP2149,PO2101,MV Horizon,2024-01-03,2026-06-13,2027-12-27,42
SHP2150,PO2102,MV OceanStar,2023-07-02,2023-09-03,2025-11-13,59
SHP2151,PO2521,MV OceanStar,2026-07-24,2024-07-01,2023-07-12,54
SHP2152,PO1976,MV Horizon,2028-03-26,2025-08-16,2025-07-26,47
SHP2153,PO2059,MV Horizon,2025-06-16,2028-01-29,2025-06-30,55
SHP2154,PO1691,MV Horizon,2023-01-09,2026-07-21,2024-09-22,58
SHP2155,PO1259,MV Horizon,2027-11-18,2026-10-13,2025-05-16,75
SHP2156,PO2138,MV OceanStar,2027-12-10,2028-01-24,2026-12-15,51
SHP2157,PO2729,MV Horizon,2024-03-20,2026-10-14,2024-12-28,44
SHP2158,PO2492,MV Titan,2024-12-24,2023-02-01,2026-10-26,61
SHP2159,PO1273,MV OceanStar,2028-04-23,2027-01-01,2025-09-27,66
SHP2160,PO2532,MV Titan,2026-05-20,2025-04-12,2027-06-04,84
SHP2161,PO1393,MV Titan,2024-08-25,2025-03-14,2025-11-03,89
SHP2162,PO2789,MV OceanStar,2024-02-18,2025-03-15,2027-05-06,49
SHP2163,PO1017,MV Horizon,2026-09-17,2028-07-03,2024-12-09,56
SHP2164,PO2086,MV Titan,2023-12-28,2026-11-19,2028-02-03,93
SHP2165,PO2346,MV OceanStar,2028-01-28,2027-11-17,2028-04-23,43
SHP2166,PO2819,MV Horizon,2024-08-18,2028-07-07,2027-10-04,92
SHP2167,PO1394,MV Horizon,2024-01-20,2028-01-06,2026-06-08,71
SHP2168,PO2061,MV Horizon,2025-08-15,2027-07-21,2024-08-19,61
SHP2169,PO2071,MV Horizon,2028-02-17,2025-06-22,2027-12-28,87
SHP2170,PO2445,MV Titan,2024-04-24,2028-02-25,2024-08-12,63
SHP2171,PO2201,MV Horizon,2023-06-03,2024-02-04,2024-09-08,47
SHP2172,PO1587,MV OceanStar,2025-10-16,2025-01-10,2025-07-23,70
SHP2173,PO1286,MV Titan,2025-07-16,2025-04-22,2023-08-23,49
SHP2174,PO1662,MV Horizon,2023-05-11,2024-07-23,2026-12-10,70
SHP2175,PO2827,MV Horizon,2024-07-14,2025-04-25,2026-12-02,60
SHP2176,PO2535,MV Titan,2026-08-15,2023-03-04,2024-07-20,43
SHP2177,PO1389,MV Horizon,2023-01-08,2026-11-02,2027-01-04,73
SHP2178,PO2292,MV OceanStar,2023-10-29,2026-12-16,2023-07-09,55
SHP2179,PO2622,MV Horizon,2027-06-06,2023-05-14,2027-06-03,50
SHP2180,PO1927,MV Horizon,2024-02-20,2024-06-23,2025-11-16,66
SHP2181,PO1153,MV OceanStar,2023-07-09,2026-05-13,2026-11-24,85
SHP2182,PO1288,MV OceanStar,2025-11-28,2027-12-02,2028-05-03,81
SHP2183,PO2782,MV Titan,2024-01-26,2028-02-16,2024-04-08,63
SHP2184,PO2683,MV Titan,2024-03-13,2024-04-07,2026-07-20,50
SHP2185,PO1889,MV OceanStar,2024-03-24,2028-01-17,2027-08-09,73
SHP2186,PO1957,MV Titan,2023-05-01,2027-03-16,2023-05-12,47
SHP2187,PO2893,MV OceanStar,2024-09-11,2027-08-03,2027-04-12,87
SHP2188,PO2970,MV OceanStar,2027-11-05,2023-05-24,2027-08-23,69
SHP2189,PO1015,MV OceanStar,2025-02-10,2027-01-25,2026-03-31,46
SHP2190,PO2056,MV OceanStar,2026-03-08,2025-12-21,2025-07-11,61
SHP2191,PO2076,MV Titan,2026-12-30,2025-12-01,2026-05-09,92
SHP2192,PO1490,MV OceanStar,2025-11-22,2024-10-09,2026-09-04,46
SHP2193,PO1032,MV Titan,2023-03-28,2027-12-14,2026-04-24,57
SHP2194,PO2783,MV Horizon,2023-07-19,2027-05-24,2024-08-14,84
SHP2195,PO2562,MV Titan,2028-02-04,2026-01-29,2025-12-22,94
SHP2196,PO1718,MV Titan,2023-10-18,2023-03-26,2025-01-20,84
SHP2197,PO2145,MV Titan,2024-05-17,2025-02-27,2028-02-06,85
SHP2198,PO2651,MV Horizon,2024-11-08,2026-02-21,2025-10-12,66
SHP2199,PO2679,MV Horizon,2025-07-14,2025-06-23,2023-12-10,53
SHP2200,PO2074,MV OceanStar,2023-02-03,2025-11-12,2027-11-24,57
SHP2201,PO2540,MV Horizon,2023-03-23,2026-08-02,2027-03-18,81
SHP2202,PO2694,MV OceanStar,2028-01-25,2026-07-28,2023-11-22,85
SHP2203,PO1142,MV Titan,2025-12-25,2023-02-02,2025-08-15,80
SHP2204,PO2550,MV Titan,2023-07-30,2024-02-15,2023-07-11,78
SHP2205,PO2306,MV Titan,2025-12-02,2024-01-09,2023-05-23,55
SHP2206,PO1987,MV Titan,2026-12-14,2024-01-29,2024-11-04,75
SHP2207,PO2211,MV OceanStar,2024-05-20,2025-01-17,2026-12-18,74
SHP2208,PO2548,MV OceanStar,2023-03-15,2023-08-14,2028-03-12,55
SHP2209,PO2574,MV OceanStar,2024-11-09,2024-07-04,2026-10-24,50
SHP2210,PO2278,MV Titan,2023-07-24,2028-06-20,2023-12-21,88
SHP2211,PO2456,MV Horizon,2025-12-19,2027-03-21,2023-03-11,86
SHP2212,PO1584,MV OceanStar,2027-05-27,2025-04-26,2024-05-13,74
SHP2213,PO1524,MV Horizon,2025-09-09,2024-09-25,2025-12-07,77
SHP2214,PO1234,MV OceanStar,2023-08-05,2028-02-07,2025-10-31,60
SHP2215,PO2244,MV Horizon,2024-09-12,2027-02-05,2025-11-29,43
SHP2216,PO2225,MV Titan,2023-11-05,2023-10-17,2028-02-26,84
SHP2217,PO2369,MV Horizon,2023-09-22,2028-04-14,2024-06-08,41
SHP2218,PO2795,MV Horizon,2028-06-22,2023-12-13,2023-04-20,89
SHP2219,PO1736,MV Titan,2023-08-24,2026-04-08,2026-06-24,61
SHP2220,PO2325,MV OceanStar,2026-12-11,2028-05-16,2028-02-21,75
SHP2221,PO2302,MV Horizon,2023-04-21,2027-03-20,2025-06-01,54
SHP2222,PO1886,MV Titan,2028-05-28,2027-06-27,2026-02-23,83
SHP2223,PO1086,MV OceanStar,2027-07-06,2026-05-12,2028-05-01,84
SHP2224,PO2237,MV Titan,2025-06-30,2027-11-01,2023-04-17,41
SHP2225,PO1871,MV Horizon,2026-10-11,2024-12-23,2024-09-05,71
SHP2226,PO1794,MV Horizon,2027-04-20,2026-02-21,2026-06-07,56
SHP2227,PO1904,MV OceanStar,2024-07-21,2027-04-25,2026-06-25,79
SHP2228,PO2458,MV Titan,2028-01-22,2023-05-11,2025-05-01,88
SHP2229,PO2290,MV Horizon,2024-01-31,2027-07-09,2023-10-13,66
SHP2230,PO1279,MV Titan,2025-10-31,2028-04-05,2026-08-09,88
SHP2231,PO2113,MV Horizon,2027-01-11,2027-08-07,2023-06-05,68
SHP2232,PO2563,MV Titan,2026-08-13,2023-09-05,2025-01-27,43
SHP2233,PO2721,MV Titan,2023-10-12,2024-02-12,2026-11-05,77
SHP2234,PO1701,MV Titan,2024-03-26,2026-06-12,2026-12-16,48
SHP2235,PO1844,MV OceanStar,2024-10-14,2026-09-13,2026-10-14,84
SHP2236,PO2512,MV Horizon,2027-03-17,2026-02-01,2028-06-26,71
SHP2237,PO2115,MV Horizon,2026-06-04,2026-09-15,2026-07-25,54
SHP2238,PO1282,MV Horizon,2026-11-23,2024-09-07,2028-01-15,66
SHP2239,PO2915,MV OceanStar,2026-08-27,2024-07-09,2027-06-04,83
SHP2240,PO2885,MV Titan,2025-07-30,2023-02-15,2023-11-25,54
SHP2241,PO1444,MV Horizon,2027-03-12,2025-10-27,2023-10-03,70
SHP2242,PO2134,MV Horizon,2025-05-14,2028-01-22,2024-07-16,91
SHP2243,PO2455,MV OceanStar,2025-07-31,2024-07-01,2028-06-29,58
SHP2244,PO2430,MV Titan,2026-05-03,2027-11-18,2026-11-13,82
SHP2245,PO1647,MV Titan,2025-07-12,2024-05-26,2027-08-22,69
SHP2246,PO2007,MV Titan,2023-09-02,2024-12-16,2027-03-27,74
SHP2247,PO1471,MV Horizon,2025-04-26,2024-12-09,2027-01-11,78
SHP2248,PO2291,MV Horizon,2027-09-13,2027-07-18,2028-04-07,73
SHP2249,PO2181,MV OceanStar,2025-08-02,2024-10-17,2026-11-18,86
SHP2250,PO1309,MV OceanStar,2028-03-06,2027-09-22,2026-01-17,68
SHP2251,PO2703,MV Titan,2026-12-25,2025-08-15,2027-09-22,94
SHP2252,PO1178,MV Horizon,2023-09-30,2024-06-25,2024-06-12,78
SHP2253,PO2056,MV Horizon,2026-11-09,2024-02-05,2025-07-03,88
SHP2254,PO2224,MV Titan,2025-07-19,2026-11-28,2026-03-18,60
SHP2255,PO2034,MV Horizon,2027-12-03,2025-04-09,2023-07-26,83
SHP2256,PO1977,MV OceanStar,2023-10-16,2023-02-13,2027-12-20,56
SHP2257,PO1238,MV OceanStar,2023-01-31,2024-08-16,2028-04-09,66
SHP2258,PO2801,MV Horizon,2028-02-09,2023-05-09,2027-07-21,47
SHP2259,PO2376,MV Titan,2023-02-26,2024-05-21,2025-11-28,74
SHP2260,PO2736,MV Horizon,2024-02-01,2027-06-06,2023-08-15,93
SHP2261,PO1237,MV Horizon,2025-09-25,2023-04-15,2027-07-22,52
SHP2262,PO2741,MV OceanStar,2026-11-26,2023-03-25,2024-01-18,66
SHP2263,PO1840,MV OceanStar,2027-12-04,2026-12-18,2027-08-12,45
SHP2264,PO2344,MV Horizon,2026-07-29,2023-03-07,2023-06-27,62
SHP2265,PO1876,MV OceanStar,2027-10-26,2023-09-01,2026-12-03,75
SHP2266,PO1846,MV Titan,2026-06-03,2025-02-07,2023-03-21,54
SHP2267,PO2418,MV OceanStar,2028-04-16,2024-01-13,2025-07-23,48
SHP2268,PO2924,MV OceanStar,2024-10-08,2028-04-17,2025-11-03,44
SHP2269,PO1103,MV Horizon,2024-08-11,2023-10-15,2028-07-04,84
SHP2270,PO1679,MV Horizon,2028-04-24,2028-04-22,2027-11-05,72
SHP2271,PO1732,MV OceanStar,2026-09-05,2026-10-13,2028-02-02,73
SHP2272,PO1192,MV Horizon,2027-07-02,2023-11-26,2024-09-22,86
SHP2273,PO2640,MV OceanStar,2024-12-27,2027-06-19,2027-12-18,49
SHP2274,PO2703,MV Horizon,2027-07-05,2025-06-07,2026-07-06,85
SHP2275,PO1045,MV OceanStar,2023-01-27,2024-03-30,2027-12-02,58
SHP2276,PO1918,MV Titan,2023-01-19,2025-10-14,2028-07-24,46
SHP2277,PO2302,MV Titan,2026-11-20,2023-06-12,2025-01-05,92
SHP2278,PO1597,MV OceanStar,2024-10-12,2027-12-14,2025-05-15,46
SHP2279,PO2081,MV Horizon,2026-06-02,2024-05-12,2027-01-14,55
SHP2280,PO2342,MV OceanStar,2026-03-04,2027-12-16,2026-03-07,41
SHP2281,PO1020,MV Horizon,2024-11-16,2025-07-07,2028-04-24,55
SHP2282,PO1501,MV Titan,2026-04-15,2026-12-05,2027-03-14,43
SHP2283,PO2566,MV Horizon,2026-03-23,2026-02-05,2027-05-16,90
SHP2284,PO1373,MV OceanStar,2025-04-12,2027-05-02,2026-05-18,63
SHP2285,PO2378,MV OceanStar,2023-09-20,2026-07-09,2028-02-22,67
SHP2286,PO1151,MV OceanStar,2026-05-14,2024-09-09,2023-10-20,77
SHP2287,PO1737,MV Horizon,2024-05-30,2027-01-26,2024-10-27,53
SHP2288,PO2316,MV Horizon,2027-10-31,2027-04-26,2026-08-09,79
SHP2289,PO2820,MV Titan,2023-10-21,2025-06-07,2028-06-03,56
SHP2290,PO1993,MV OceanStar,2023-06-17,2027-07-01,2024-04-12,77
SHP2291,PO2338,MV Titan,2025-01-27,2025-04-07,2026-02-05,72
SHP2292,PO2334,MV Horizon,2027-03-03,2023-07-07,2027-09-19,69
SHP2293,PO1968,MV Titan,2025-11-23,2024-09-27,2028-05-02,91
SHP2294,PO1619,MV OceanStar,2025-08-19,2023-10-11,2028-05-31,49
SHP2295,PO1304,MV Horizon,2024-08-13,2025-09-14,2027-10-21,64
SHP2296,PO2516,MV Horizon,2024-07-13,2028-06-30,2025-06-19,89
SHP2297,PO1036,MV OceanStar,2028-04-08,2027-08-27,2026-07-16,56
SHP2298,PO1403,MV Titan,2025-07-07,2028-02-06,2028-02-27,43
SHP2299,PO1848,MV Horizon,2025-11-24,2024-03-23,2025-05-04,53
SHP2300,PO2421,MV Titan,2025-02-09,2028-01-09,2023-03-01,72
SHP2301,PO1712,MV Horizon,2026-05-10,2027-04-25,2024-03-27,84
SHP2302,PO1873,MV Titan,2023-06-06,2024-09-19,2026-06-14,51
SHP2303,PO2626,MV Titan,2025-04-13,2026-07-18,2025-06-05,93
SHP2304,PO1154,MV Horizon,2027-03-26,2025-05-01,2023-03-05,79
SHP2305,PO1978,MV Horizon,2027-08-04,2028-03-18,2024-07-23,80
SHP2306,PO2971,MV Titan,2026-11-08,2024-10-10,2023-04-22,51
SHP2307,PO1651,MV Titan,2023-03-19,2025-02-26,2024-06-08,87
SHP2308,PO1041,MV Titan,2026-04-06,2028-02-02,2023-04-02,91
SHP2309,PO2907,MV Horizon,2026-04-20,2023-05-28,2027-04-05,93
SHP2310,PO2935,MV Horizon,2026-11-22,2023-09-21,2025-06-30,62
SHP2311,PO2881,MV Horizon,2028-05-01,2027-10-24,2028-03-26,56
SHP2312,PO1032,MV Titan,2027-08-05,2025-06-16,2023-05-20,58
SHP2313,PO1981,MV OceanStar,2027-04-10,2023-11-20,2027-04-29,84
SHP2314,PO1242,MV OceanStar,2025-04-14,2025-10-03,2023-06-07,45
SHP2315,PO1317,MV Horizon,2026-12-12,2027-03-28,2025-09-18,64
SHP2316,PO2788,MV Horizon,2026-12-31,2025-06-03,2026-12-13,53
SHP2317,PO1178,MV Titan,2024-06-29,2023-07-01,2023-07-13,89
SHP2318,PO2816,MV Horizon,2024-02-10,2028-02-13,2025-06-28,60
SHP2319,PO1497,MV Horizon,2023-11-22,2023-02-01,2027-12-05,73
SHP2320,PO2992,MV OceanStar,2024-03-06,2024-11-16,2024-02-24,44
SHP2321,PO2292,MV Horizon,2023-07-06,2025-05-12,2023-08-03,82
SHP2322,PO2607,MV OceanStar,2023-04-08,2024-03-22,2024-04-27,67
SHP2323,PO2181,MV Titan,2024-07-15,2024-02-07,2023-06-17,55
SHP2324,PO1537,MV OceanStar,2025-07-09,2027-12-05,2027-08-30,70
SHP2325,PO2219,MV Horizon,2025-11-14,2023-06-12,2026-10-30,72
SHP2326,PO1670,MV Titan,2026-09-08,2023-05-27,2024-05-23,86
SHP2327,PO2271,MV Horizon,2024-01-22,2024-05-03,2028-04-16,67
SHP2328,PO1173,MV OceanStar,2025-12-01,2025-02-14,2025-08-07,79
SHP2329,PO1127,MV Horizon,2025-03-20,2025-08-21,2028-04-12,50
SHP2330,PO1948,MV Titan,2025-05-02,2024-05-12,2025-07-02,93
SHP2331,PO1647,MV OceanStar,2026-12-03,2026-03-18,2025-11-19,57
SHP2332,PO2012,MV OceanStar,2027-04-15,2025-01-04,2027-06-21,62
SHP2333,PO2411,MV Horizon,2027-10-12,2024-07-19,2026-04-19,79
SHP2334,PO1134,MV Horizon,2028-01-10,2025-04-04,2025-02-05,94
SHP2335,PO2367,MV Horizon,2025-03-24,2026-07-12,2026-06-17,67
SHP2336,PO2998,MV Horizon,2027-09-01,2027-10-20,2028-04-12,70
SHP2337,PO1966,MV OceanStar,2024-04-08,2023-08-29,2024-07-09,48
SHP2338,PO2652,MV Titan,2023-04-07,2027-05-14,2023-08-04,40
SHP2339,PO1508,MV OceanStar,2024-06-18,2023-06-29,2024-12-07,41
SHP2340,PO2015,MV Horizon,2023-06-26,2026-03-06,2028-02-26,83
SHP2341,PO1944,MV OceanStar,2026-09-29,2028-03-27,2024-10-18,68
SHP2342,PO2760,MV Titan,2026-10-19,2023-10-23,2023-07-19,89
SHP2343,PO2008,MV OceanStar,2025-05-11,2024-02-16,2025-10-08,67
SHP2344,PO2957,MV Titan,2024-03-09,2028-06-14,2025-05-18,67
SHP2345,PO2896,MV Titan,2026-12-04,2024-06-04,2027-05-27,51
SHP2346,PO2554,MV Titan,2026-06-19,2023-01-29,2023-10-17,71
SHP2347,PO2300,MV Titan,2025-01-04,2027-03-19,2024-04-06,77
SHP2348,PO1251,MV OceanStar,2028-06-04,2027-06-25,2025-06-26,80
SHP2349,PO2722,MV Horizon,2023-05-23,2023-11-08,2023-12-29,94
SHP2350,PO1460,MV Titan,2025-08-05,2027-11-25,2027-02-11,90
SHP2351,PO1966,MV Titan,2027-06-26,2023-03-21,2025-03-11,81
SHP2352,PO2811,MV OceanStar,2024-07-29,2027-08-10,2023-11-04,61
SHP2353,PO1603,MV OceanStar,2024-10-04,2025-06-08,2025-10-31,50
SHP2354,PO1645,MV Titan,2025-05-13,2028-02-29,2027-03-05,60
SHP2355,PO1485,MV Titan,2025-04-01,2023-05-30,2024-01-26,88
SHP2356,PO2707,MV OceanStar,2025-04-09,2025-02-20,2023-06-01,71
SHP2357,PO1129,MV Titan,2026-07-22,2025-04-15,2026-04-26,62
SHP2358,PO2778,MV Horizon,2024-08-04,2026-03-11,2026-03-19,58
SHP2359,PO1518,MV Titan,2026-05-08,2024-12-26,2025-02-02,45
SHP2360,PO1000,MV OceanStar,2027-03-14,2025-03-24,2026-10-26,76
SHP2361,PO1313,MV Titan,2026-11-30,2026-08-21,2028-02-09,78
SHP2362,PO1111,MV OceanStar,2024-06-15,2023-12-05,2023-03-02,73
SHP2363,PO2608,MV Horizon,2023-03-29,2026-09-12,2026-04-01,75
SHP2364,PO2347,MV OceanStar,2024-01-08,2026-12-06,2023-05-29,70
SHP2365,PO2323,MV Titan,2024-03-05,2025-12-27,2026-12-04,73
SHP2366,PO2645,MV Titan,2025-09-27,2028-03-04,2028-05-17,91
SHP2367,PO1272,MV Titan,2027-08-03,2023-07-18,2023-06-18,54
SHP2368,PO1419,MV Horizon,2027-02-10,2024-06-05,2024-02-14,81
SHP2369,PO2012,MV OceanStar,2027-06-10,2024-11-01,2027-11-03,85
SHP2370,PO2096,MV Horizon,2027-01-13,2028-05-11,2024-05-28,76
SHP2371,PO1514,MV Titan,2027-02-14,2026-09-23,2024-03-23,54
SHP2372,PO2999,MV OceanStar,2026-02-18,2023-08-16,2028-05-03,59
SHP2373,PO2098,MV Horizon,2025-11-01,2024-10-25,2025-01-22,60
SHP2374,PO2817,MV OceanStar,2025-04-04,2024-09-13,2025-05-05,57
SHP2375,PO1234,MV Horizon,2025-06-24,2025-08-19,2028-03-12,73
SHP2376,PO1988,MV Titan,2025-04-20,2026-03-21,2026-12-02,41
SHP2377,PO2848,MV Titan,2026-03-12,2026-10-11,2027-07-27,64
SHP2378,PO1472,MV OceanStar,2023-03-16,2027-09-19,2023-04-09,84
SHP2379,PO1918,MV OceanStar,2023-12-06,2024-07-09,2024-12-22,81
SHP2380,PO2145,MV Horizon,2024-06-25,2028-01-22,2023-09-08,71
SHP2381,PO1203,MV Horizon,2026-06-30,2025-10-02,2024-09-22,51
SHP2382,PO2217,MV OceanStar,2028-04-18,2023-05-26,2023-02-05,90
SHP2383,PO2437,MV Horizon,2027-09-15,2023-08-17,2023-12-01,64
SHP2384,PO1839,MV OceanStar,2028-03-22,2027-03-06,2025-09-11,44
SHP2385,PO1557,MV Titan,2023-03-18,2026-03-20,2025-01-17,45
SHP2386,PO2577,MV Titan,2027-01-19,2025-10-28,2023-06-30,62
SHP2387,PO2216,MV Horizon,2027-09-04,2028-01-25,2028-05-09,84
SHP2388,PO1824,MV Horizon,2024-01-13,2027-01-20,2025-10-16,89
SHP2389,PO2028,MV OceanStar,2023-07-12,2027-01-15,2025-05-14,83
SHP2390,PO1208,MV Horizon,2023-10-11,2026-03-31,2024-06-13,43
SHP2391,PO2645,MV OceanStar,2026-03-09,2023-06-19,2023-04-12,43
SHP2392,PO1672,MV OceanStar,2027-07-14,2026-07-05,2023-12-19,87
SHP2393,PO2870,MV Horizon,2023-09-18,2027-12-05,2027-01-05,90
SHP2394,PO1549,MV Titan,2027-09-26,2026-05-26,2023-08-07,59
SHP2395,PO1593,MV Titan,2026-08-20,2026-01-14,2024-12-07,41
SHP2396,PO2515,MV OceanStar,2024-05-14,2023-12-19,2026-02-24,73
SHP2397,PO2734,MV Horizon,2025-07-03,2026-12-12,2027-07-03,79
SHP2398,PO2886,MV Horizon,2023-04-03,2024-02-08,2027-06-15,54
SHP2399,PO2409,MV OceanStar,2026-02-26,2028-06-02,2024-11-17,42
SHP2400,PO2748,MV OceanStar,2024-05-01,2023-02-05,2027-11-21,80
SHP2401,PO1870,MV OceanStar,2026-04-12,2024-03-12,2027-10-09,82
SHP2402,PO1866,MV Horizon,2023-06-02,2024-05-30,2023-08-12,58
SHP2403,PO2957,MV Titan,2027-07-11,2023-12-12,2024-10-17,72
SHP2404,PO1751,MV Titan,2024-12-20,2023-09-11,2024-01-27,53
SHP2405,PO2986,MV Titan,2023-05-15,2027-04-14,2024-05-15,59
SHP2406,PO1444,MV Titan,2025-03-31,2024-07-18,2026-07-05,75
SHP2407,PO2765,MV Titan,2026-05-16,2025-09-04,2025-12-16,66
SHP2408,PO2055,MV Horizon,2027-06-13,2023-12-30,2023-04-25,69
SHP2409,PO2183,MV Horizon,2023-11-17,2024-01-11,2028-03-11,63
SHP2410,PO2445,MV OceanStar,2026-04-27,2026-04-10,2025-01-12,54
SHP2411,PO2851,MV Horizon,2028-06-08,2025-10-11,2026-09-14,87
SHP2412,PO1462,MV OceanStar,2024-05-02,2024-01-03,2026-07-24,85
SHP2413,PO1219,MV Titan,2025-09-06,2027-02-19,2025-08-05,88
SHP2414,PO2488,MV Horizon,2026-02-17,2026-10-21,2026-09-13,82
SHP2415,PO2372,MV OceanStar,2027-06-08,2028-03-21,2024-07-11,76
SHP2416,PO2615,MV Horizon,2024-02-25,2028-03-23,2026-06-24,60
SHP2417,PO2270,MV Titan,2028-04-25,2025-08-09,2025-03-07,58
SHP2418,PO2580,MV Titan,2024-09-07,2027-02-27,2024-03-24,41
SHP2419,PO2779,MV Horizon,2027-10-28,2027-04-09,2028-02-07,48
SHP2420,PO2729,MV Titan,2023-12-03,2025-03-02,2024-07-27,92
SHP2421,PO2201,MV Horizon,2026-08-03,2024-05-11,2026-09-12,88
SHP2422,PO2266,MV OceanStar,2027-10-23,2024-09-25,2024-03-13,77
SHP2423,PO1224,MV OceanStar,2024-02-11,2023-03-26,2023-06-13,89
SHP2424,PO1844,MV Horizon,2024-07-31,2025-04-07,2026-04-14,47
SHP2425,PO1170,MV Horizon,2028-06-18,2026-08-19,2024-05-08,44
SHP2426,PO2585,MV Horizon,2024-07-04,2026-02-10,2028-07-13,67
SHP2427,PO1821,MV Titan,2024-07-19,2026-06-09,2023-05-16,66
SHP2428,PO2677,MV Horizon,2025-10-12,2027-06-13,2026-05-23,76
SHP2429,PO1963,MV Titan,2023-02-08,2025-04-03,2023-07-07,94
SHP2430,PO2667,MV OceanStar,2025-06-29,2025-12-24,2023-05-28,41
SHP2431,PO2255,MV Titan,2028-02-06,2024-07-13,2023-09-27,75
SHP2432,PO1296,MV Titan,2024-07-10,2026-08-09,2025-03-27,82
SHP2433,PO1118,MV Titan,2025-03-26,2024-11-20,2025-02-22,84
SHP2434,PO1802,MV Titan,2023-06-07,2025-10-23,2025-05-21,66
SHP2435,PO2750,MV Titan,2028-01-17,2026-06-26,2026-06-14,83
SHP2436,PO2428,MV OceanStar,2026-01-18,2024-05-20,2026-01-28,61
SHP2437,PO2144,MV Horizon,2027-11-04,2028-03-15,2025-08-10,81
SHP2438,PO2675,MV OceanStar,2027-05-24,2024-06-12,2024-05-06,61
SHP2439,PO2615,MV Titan,2027-09-27,2026-07-02,2024-10-05,85
SHP2440,PO1141,MV OceanStar,2023-02-19,2027-02-09,2028-04-20,51
SHP2441,PO1861,MV Titan,2027-11-02,2028-03-24,2024-07-31,41
SHP2442,PO2854,MV Horizon,2027-04-16,2023-09-05,2027-01-06,81
SHP2443,PO2038,MV Horizon,2028-05-13,2024-09-29,2024-10-28,46
SHP2444,PO1451,MV OceanStar,2024-03-30,2027-11-12,2024-07-14,69
SHP2445,PO1231,MV Horizon,2026-01-27,2023-02-26,2027-10-25,40
SHP2446,PO2786,MV OceanStar,2028-03-16,2026-05-19,2026-10-04,80
SHP2447,PO2719,MV Horizon,2023-12-02,2026-08-25,2025-06-09,93
SHP2448,PO2284,MV OceanStar,2023-02-24,2024-11-08,2024-11-10,55
SHP2449,PO2343,MV Horizon,2025-12-12,2027-09-10,2026-07-19,58
SHP2450,PO1607,MV OceanStar,2026-02-20,2025-06-16,2023-12-08,67
SHP2451,PO1179,MV OceanStar,2024-06-19,2025-09-17,2023-11-26,87
SHP2452,PO2043,MV Horizon,2023-01-04,2023-12-30,2026-04-09,84
SHP2453,PO1942,MV Horizon,2026-10-10,2025-02-18,2026-02-13,50
SHP2454,PO2311,MV OceanStar,2023-07-15,2027-03-13,2027-04-22,47
SHP2455,PO1632,MV Titan,2025-10-27,2025-12-13,2024-02-08,86
SHP2456,PO2338,MV OceanStar,2026-03-26,2025-07-30,2026-11-04,64
SHP2457,PO2008,MV Horizon,2024-12-30,2027-05-22,2024-04-09,43
SHP2458,PO1796,MV Horizon,2026-05-23,2026-06-24,2024-11-09,69
SHP2459,PO1242,MV Titan,2026-09-23,2024-12-30,2023-07-11,86
SHP2460,PO2782,MV Horizon,2028-05-15,2026-03-22,2024-01-27,40
SHP2461,PO1994,MV OceanStar,2023-06-11,2027-08-11,2023-06-30,66
SHP2462,PO1155,MV Horizon,2025-06-05,2023-02-25,2023-12-07,64
SHP2463,PO1214,MV Titan,2027-06-17,2025-09-02,2023-10-14,52
SHP2464,PO1894,MV Titan,2027-09-02,2026-11-08,2025-09-25,83
SHP2465,PO2921,MV OceanStar,2027-01-26,2026-04-25,2026-07-13,86
SHP2466,PO2219,MV Titan,2025-10-14,2026-11-13,2024-03-21,89
SHP2467,PO1917,MV Titan,2026-09-22,2028-03-24,2023-07-17,63
SHP2468,PO1044,MV Horizon,2025-09-20,2026-01-19,2024-09-27,53
SHP2469,PO2687,MV Titan,2028-05-12,2026-08-11,2026-01-15,73
SHP2470,PO2700,MV Titan,2026-08-26,2026-04-24,2025-01-28,75
SHP2471,PO2730,MV OceanStar,2026-02-13,2028-05-04,2024-01-31,44
SHP2472,PO1269,MV Titan,2024-11-19,2023-08-21,2025-06-30,64
SHP2473,PO1136,MV Horizon,2027-10-07,2028-04-29,2025-10-20,92
SHP2474,PO1431,MV OceanStar,2025-01-23,2023-12-13,2027-09-22,87
SHP2475,PO1574,MV Horizon,2026-03-21,2023-07-30,2025-10-10,85
SHP2476,PO1821,MV Horizon,2025-09-15,2027-05-22,2027-02-23,49
SHP2477,PO1162,MV Titan,2025-04-08,2023-08-16,2027-08-21,88
SHP2478,PO2203,MV OceanStar,2025-11-12,2023-06-25,2023-08-07,94
SHP2479,PO2734,MV Titan,2028-01-13,2024-06-29,2027-04-04,42
SHP2480,PO1413,MV OceanStar,2025-10-13,2027-06-14,2025-10-28,74
SHP2481,PO1981,MV OceanStar,2025-12-13,2025-05-06,2025-12-10,83
SHP2482,PO2419,MV Titan,2026-05-21,2023-10-31,2023-11-11,67
SHP2483,PO1947,MV OceanStar,2026-07-21,2023-08-11,2027-05-25,46
SHP2484,PO1893,MV Titan,2025-06-26,2026-02-05,2028-06-07,93
SHP2485,PO2447,MV OceanStar,2024-07-08,2024-03-20,2027-01-23,54
SHP2486,PO1813,MV Titan,2028-01-30,2026-07-05,2027-09-03,51
SHP2487,PO2765,MV OceanStar,2024-08-02,2027-07-21,2025-07-14,43
SHP2488,PO2679,MV OceanStar,2025-11-10,2027-01-08,2026-02-16,45
SHP2489,PO1895,MV OceanStar,2023-08-30,2026-12-28,2027-09-26,52
SHP2490,PO1656,MV Titan,2024-01-30,2024-04-24,2026-01-30,63
SHP2491,PO2375,MV Horizon,2026-11-06,2023-12-13,2024-06-26,82
SHP2492,PO2114,MV Horizon,2024-12-02,2024-07-19,2023-12-19,66
SHP2493,PO1672,MV OceanStar,2028-02-28,2028-07-12,2026-09-27,92
SHP2494,PO2488,MV OceanStar,2026-07-01,2023-07-25,2023-10-20,46
SHP2495,PO1289,MV OceanStar,2025-10-30,2025-03-26,2025-09-28,64
SHP2496,PO2285,MV Horizon,2027-04-04,2027-09-27,2023-03-16,54
SHP2497,PO1941,MV Horizon,2024-11-07,2025-12-12,2027-10-14,77
SHP2498,PO1823,MV Horizon,2026-11-13,2023-05-26,2026-09-30,51
SHP2499,PO1331,MV OceanStar,2023-04-26,2025-12-28,2024-10-23,54
SHP2500,PO2435,MV Horizon,2025-10-29,2024-06-28,2026-05-28,47
SHP2501,PO2003,MV OceanStar,2023-11-15,2027-06-19,2027-06-14,91
SHP2502,PO1634,MV OceanStar,2025-02-13,2023-05-13,2024-05-12,59
SHP2503,PO2594,MV Horizon,2027-09-17,2023-03-06,2028-06-20,43
SHP2504,PO2652,MV Titan,2025-08-11,2023-10-07,2027-04-23,85
SHP2505,PO1650,MV Horizon,2024-05-27,2026-07-25,2024-04-18,41
SHP2506,PO2412,MV Horizon,2026-06-18,2025-08-21,2026-07-13,91
SHP2507,PO2839,MV Titan,2024-10-30,2024-08-15,2026-06-28,76
SHP2508,PO1939,MV OceanStar,2024-09-13,2025-09-14,2023-08-03,42
SHP2509,PO1707,MV OceanStar,2027-02-22,2026-01-11,2028-05-30,46
SHP2510,PO1709,MV OceanStar,2025-03-02,2027-01-23,2026-09-25,73
SHP2511,PO1380,MV Horizon,2025-09-07,2026-11-04,2025-05-18,41
SHP2512,PO2874,MV Horizon,2027-04-11,2027-07-31,2027-01-26,64
SHP2513,PO2695,MV Titan,2027-11-30,2027-11-12,2024-03-05,87
SHP2514,PO2316,MV Horizon,2028-01-29,2026-01-25,2027-08-06,72
SHP2515,PO1250,MV OceanStar,2025-12-29,2024-10-15,2023-12-28,46
SHP2516,PO2118,MV Titan,2024-03-01,2028-07-01,2028-03-28,91
SHP2517,PO1297,MV Titan,2024-03-17,2024-03-17,2026-05-17,40
SHP2518,PO2099,MV Horizon,2023-08-14,2024-07-15,2026-07-16,78
SHP2519,PO2919,MV OceanStar,2023-11-30,2027-07-20,2027-11-14,53
SHP2520,PO1483,MV Titan,2023-07-18,2027-03-19,2023-11-08,41
SHP2521,PO1788,MV Titan,2027-09-14,2027-09-15,2024-10-28,67
SHP2522,PO1809,MV Titan,2025-02-11,2024-12-18,2028-06-10,71
SHP2523,PO2261,MV Titan,2025-03-15,2026-04-08,2027-09-27,42
SHP2524,PO2825,MV Titan,2027-08-01,2027-03-03,2027-06-23,57
SHP2525,PO1380,MV Titan,2026-08-01,2024-12-31,2027-02-15,62
SHP2526,PO2984,MV OceanStar,2024-04-26,2027-05-09,2028-05-28,83
SHP2527,PO2569,MV OceanStar,2028-01-14,2027-05-27,2024-04-05,76
SHP2528,PO2992,MV OceanStar,2025-02-15,2027-11-12,2026-04-04,54
SHP2529,PO1470,MV Titan,2026-07-11,2024-06-02,2027-07-26,77
SHP2530,PO1304,MV OceanStar,2025-09-11,2024-08-30,2027-11-29,51
SHP2531,PO1773,MV Horizon,2023-05-13,2024-10-17,2025-12-29,82
SHP2532,PO2654,MV Horizon,2023-09-25,2023-08-06,2026-06-15,63
SHP2533,PO2377,MV Horizon,2024-04-27,2023-03-31,2027-04-04,90
SHP2534,PO2563,MV Horizon,2027-02-08,2027-03-10,2026-11-08,94
SHP2535,PO2275,MV Titan,2024-06-07,2025-05-29,2027-09-14,45
SHP2536,PO1909,MV OceanStar,2024-06-11,2026-01-03,2027-04-06,61
SHP2537,PO1440,MV Horizon,2023-11-20,2027-10-19,2024-11-15,41
SHP2538,PO2795,MV Horizon,2024-01-29,2024-03-30,2025-09-06,68
SHP2539,PO2353,MV Horizon,2023-02-10,2026-06-28,2027-11-26,44
SHP2540,PO2128,MV Titan,2025-11-29,2026-10-10,2023-03-15,40
SHP2541,PO1824,MV Horizon,2025-01-31,2025-05-11,2023-02-21,63
SHP2542,PO2088,MV Titan,2024-05-22,2025-12-21,2027-07-11,77
SHP2543,PO1207,MV OceanStar,2024-08-15,2028-02-20,2026-01-10,55
SHP2544,PO1302,MV OceanStar,2025-02-21,2024-10-24,2025-05-28,91
SHP2545,PO1584,MV Titan,2024-11-11,2025-02-28,2023-03-16,70
SHP2546,PO1136,MV Horizon,2024-01-01,2025-07-26,2023-03-18,89
SHP2547,PO1833,MV Titan,2025-08-08,2027-04-21,2023-11-03,92
SHP2548,PO1586,MV Horizon,2028-02-27,2028-05-01,2024-12-08,45
SHP2549,PO1695,MV OceanStar,2024-06-24,2023-11-25,2027-12-11,51
SHP2550,PO2446,MV OceanStar,2024-08-10,2027-10-31,2027-04-06,83
SHP2551,PO1028,MV Horizon,2023-10-20,2026-07-12,2025-01-31,67
SHP2552,PO2183,MV OceanStar,2027-12-13,2026-03-26,2028-05-29,94
SHP2553,PO1812,MV Horizon,2026-10-26,2027-05-06,2023-10-27,83
SHP2554,PO2052,MV Horizon,2025-03-11,2027-05-26,2025-11-09,66
SHP2555,PO2319,MV Horizon,2024-04-22,2023-12-20,2026-10-12,47
SHP2556,PO1552,MV OceanStar,2027-02-20,2028-06-27,2025-09-09,73
SHP2557,PO1880,MV Titan,2025-12-14,2027-04-20,2024-10-21,47
SHP2558,PO1054,MV Titan,2024-08-05,2024-09-15,2027-12-22,61
SHP2559,PO2314,MV Titan,2023-04-10,2023-03-24,2026-12-22,85
SHP2560,PO1266,MV Horizon,2023-01-21,2024-01-20,2023-12-04,75
SHP2561,PO2071,MV OceanStar,2028-02-08,2028-01-23,2026-06-20,83
SHP2562,PO2571,MV Horizon,2025-07-13,2026-11-20,2026-09-26,76
SHP2563,PO1481,MV Horizon,2025-08-31,2026-09-01,2028-06-14,43
SHP2564,PO2640,MV Titan,2025-06-08,2027-06-17,2025-12-14,64
SHP2565,PO1361,MV Titan,2024-09-16,2025-08-30,2024-10-27,85
SHP2566,PO2973,MV OceanStar,2023-06-05,2027-11-07,2023-03-14,79
SHP2567,PO1938,MV Titan,2026-11-16,2025-10-13,2027-08-09,48
SHP2568,PO2244,MV Horizon,2027-07-08,2027-03-12,2024-05-13,85
SHP2569,PO1315,MV Horizon,2023-08-27,2027-01-09,2028-05-27,94
SHP2570,PO1513,MV OceanStar,2026-05-06,2026-09-24,2028-06-15,61
SHP2571,PO1693,MV Titan,2028-06-02,2026-07-17,2027-03-01,64
SHP2572,PO1264,MV Horizon,2023-12-30,2028-04-28,2023-12-23,74
SHP2573,PO2629,MV Titan,2026-06-07,2026-02-02,2026-10-06,61
SHP2574,PO1181,MV Horizon,2027-12-01,2023-05-30,2024-02-04,52
SHP2575,PO2297,MV Titan,2024-05-08,2023-07-17,2025-11-03,80
SHP2576,PO1277,MV Horizon,2027-09-08,2024-06-16,2023-02-21,54
SHP2577,PO2966,MV Titan,2027-10-11,2027-03-17,2026-11-08,68
SHP2578,PO2269,MV Titan,2028-03-27,2028-02-29,2025-06-10,45
SHP2579,PO2387,MV OceanStar,2027-12-29,2027-06-29,2027-01-10,78
SHP2580,PO1621,MV OceanStar,2028-05-05,2024-10-20,2025-09-21,45
SHP2581,PO2197,MV Titan,2023-01-02,2024-03-14,2027-11-02,43
SHP2582,PO1803,MV Titan,2025-03-16,2027-09-29,2025-01-14,67
SHP2583,PO2697,MV Titan,2027-09-03,2025-03-25,2025-08-27,77
SHP2584,PO1512,MV Titan,2026-01-10,2027-01-10,2025-04-15,88
SHP2585,PO2608,MV Horizon,2024-06-06,2026-12-19,2023-01-26,53
SHP2586,PO1361,MV Titan,2024-06-03,2026-09-30,2023-08-31,55
SHP2587,PO2791,MV Titan,2023-10-24,2023-05-14,2026-01-18,81
SHP2588,PO1601,MV Titan,2024-03-27,2024-06-28,2028-01-15,60
SHP2589,PO1222,MV Horizon,2026-12-21,2026-09-20,2025-09-06,73
SHP2590,PO1496,MV Horizon,2026-09-30,2028-01-29,2027-02-18,57
SHP2591,PO1423,MV Horizon,2026-08-06,2027-11-01,2025-11-17,62
SHP2592,PO2053,MV Titan,2026-09-01,2023-01-30,2024-03-08,65
SHP2593,PO2330,MV Titan,2028-02-03,2023-09-26,2026-01-09,68
SHP2594,PO1301,MV Titan,2027-04-25,2025-05-25,2025-03-21,54
SHP2595,PO1569,MV Horizon,2026-05-26,2027-08-08,2023-12-18,82
SHP2596,PO2820,MV Horizon,2023-03-09,2024-04-28,2023-10-31,66
SHP2597,PO1506,MV Horizon,2024-11-12,2026-07-24,2025-09-01,88
SHP2598,PO2777,MV Titan,2024-01-28,2026-05-27,2025-11-21,88
SHP2599,PO2555,MV Titan,2024-10-20,2024-03-27,2025-02-19,70
SHP2600,PO2775,MV Titan,2026-02-21,2023-04-08,2023-06-26,71
SHP2601,PO1147,MV Titan,2027-07-30,2025-10-17,2025-09-23,81
SHP2602,PO1584,MV Titan,2027-08-24,2023-09-01,2026-11-28,65
SHP2603,PO1383,MV OceanStar,2023-01-24,2023-11-07,2023-09-18,82
SHP2604,PO1982,MV Titan,2025-12-05,2027-01-03,2024-07-19,67
SHP2605,PO2415,MV OceanStar,2028-06-20,2026-10-02,2026-05-06,69
SHP2606,PO2619,MV OceanStar,2028-05-26,2023-03-24,2023-10-22,44
SHP2607,PO2455,MV Horizon,2027-08-15,2025-01-17,2027-09-27,43
SHP2608,PO2219,MV Titan,2023-07-13,2028-02-11,2024-08-05,44
SHP2609,PO1070,MV Titan,2028-02-20,2023-09-08,2028-05-28,65
SHP2610,PO2285,MV Horizon,2024-11-02,2023-06-11,2028-03-16,41
SHP2611,PO1164,MV OceanStar,2026-01-22,2028-04-27,2027-09-08,94
SHP2612,PO1972,MV Titan,2025-11-02,2026-03-06,2025-01-27,67
SHP2613,PO2369,MV Titan,2026-12-29,2023-06-18,2027-02-14,85
SHP2614,PO2888,MV OceanStar,2027-08-19,2027-01-07,2025-09-21,54
SHP2615,PO2885,MV Titan,2023-03-27,2027-10-14,2024-12-28,89
SHP2616,PO1868,MV Titan,2026-06-10,2025-02-06,2023-04-12,88
SHP2617,PO2656,MV Titan,2027-10-18,2024-07-06,2027-08-01,56
SHP2618,PO1380,MV Horizon,2023-02-20,2025-06-17,2028-04-14,52
SHP2619,PO2691,MV OceanStar,2024-02-08,2026-02-20,2024-07-28,92
SHP2620,PO2532,MV OceanStar,2023-06-16,2027-03-02,2024-07-08,92
SHP2621,PO2812,MV Titan,2027-08-26,2024-07-30,2026-01-23,64
SHP2622,PO1054,MV Horizon,2023-09-01,2025-06-07,2028-04-18,58
SHP2623,PO1706,MV Horizon,2023-06-30,2026-02-24,2028-04-15,81
SHP2624,PO1081,MV Horizon,2026-05-04,2024-09-28,2026-07-31,73
SHP2625,PO2062,MV Horizon,2024-05-04,2025-11-17,2025-03-17,54
SHP2626,PO2123,MV OceanStar,2024-05-10,2023-04-10,2023-12-13,41
SHP2627,PO2499,MV Horizon,2023-06-21,2023-06-29,2027-03-19,56
SHP2628,PO2437,MV Horizon,2025-11-06,2028-04-07,2028-06-21,86
SHP2629,PO1924,MV OceanStar,2025-02-28,2027-10-30,2026-02-17,50
SHP2630,PO1291,MV Horizon,2026-07-19,2027-08-03,2026-11-16,62
SHP2631,PO2700,MV OceanStar,2027-06-05,2025-01-04,2025-03-12,79
SHP2632,PO1662,MV Titan,2027-08-27,2023-05-03,2027-08-27,43
SHP2633,PO1562,MV Horizon,2027-01-23,2025-07-21,2023-06-25,40
SHP2634,PO2134,MV OceanStar,2028-06-01,2025-07-08,2026-09-09,72
SHP2635,PO1720,MV Titan,2024-03-10,2024-11-28,2024-11-25,64
SHP2636,PO2809,MV OceanStar,2025-10-08,2024-07-31,2028-07-11,59
SHP2637,PO2636,MV Titan,2023-09-13,2024-06-27,2024-08-12,71
SHP2638,PO2823,MV Horizon,2023-11-06,2024-11-21,2028-02-05,67
SHP2639,PO2220,MV Titan,2028-03-29,2026-12-06,2027-09-22,45
SHP2640,PO1700,MV Horizon,2028-01-06,2026-01-11,2026-10-26,59
SHP2641,PO1059,MV Titan,2027-11-12,2024-04-17,2023-05-30,50
SHP2642,PO2294,MV Horizon,2024-07-03,2025-06-20,2026-05-07,83
SHP2643,PO2782,MV OceanStar,2024-06-02,2026-10-02,2023-07-25,80
SHP2644,PO1794,MV OceanStar,2024-10-29,2025-01-12,2024-01-12,84
SHP2645,PO1433,MV Horizon,2024-09-19,2024-05-06,2028-01-12,46
SHP2646,PO2722,MV Horizon,2028-05-02,2026-03-24,2023-10-29,90
SHP2647,PO2191,MV Titan,2024-05-26,2024-03-03,2025-04-30,70
SHP2648,PO2792,MV Titan,2025-10-11,2025-07-13,2025-08-17,43
SHP2649,PO1027,MV OceanStar,2025-10-19,2025-08-25,2023-08-11,78
SHP2650,PO1494,MV Horizon,2025-12-04,2028-03-08,2024-01-02,87
SHP2651,PO1180,MV Horizon,2025-09-18,2028-05-26,2023-12-15,45
SHP2652,PO1018,MV Titan,2023-12-19,2023-12-14,2023-08-31,50
SHP2653,PO1533,MV OceanStar,2028-04-03,2028-04-01,2024-02-09,93
SHP2654,PO1266,MV OceanStar,2025-10-02,2025-11-15,2028-07-22,58
SHP2655,PO2871,MV Titan,2024-06-16,2027-04-03,2028-06-23,76
SHP2656,PO1871,MV Horizon,2027-05-30,2026-09-03,2027-12-03,91
SHP2657,PO2152,MV Titan,2023-06-18,2023-11-09,2024-03-10,74
SHP2658,PO1412,MV Titan,2025-11-05,2024-11-24,2027-05-05,85
SHP2659,PO1942,MV OceanStar,2024-04-03,2023-10-08,2026-05-28,90
SHP2660,PO2519,MV Titan,2023-12-31,2027-11-26,2027-06-21,58
SHP2661,PO1416,MV Titan,2025-07-11,2027-09-02,2026-07-06,42
SHP2662,PO2978,MV Horizon,2026-11-27,2023-10-08,2027-09-04,68
SHP2663,PO1002,MV Horizon,2028-02-02,2026-12-12,2028-01-12,94
SHP2664,PO2994,MV Horizon,2023-03-02,2024-08-05,2023-04-05,64
SHP2665,PO2893,MV Horizon,2027-03-10,2024-03-02,2028-01-28,94
SHP2666,PO2599,MV OceanStar,2025-02-12,2024-10-23,2028-06-08,50
SHP2667,PO1444,MV Horizon,2025-12-07,2027-04-18,2023-01-30,60
SHP2668,PO1794,MV OceanStar,2026-08-14,2026-04-23,2027-06-14,48
SHP2669,PO1143,MV Titan,2023-04-13,2028-05-25,2025-05-22,61
SHP2670,PO2252,MV OceanStar,2027-07-23,2025-12-11,2023-09-01,75
SHP2671,PO2974,MV Titan,2023-12-11,2026-10-15,2024-03-11,43
SHP2672,PO1197,MV Titan,2025-10-21,2028-04-14,2023-07-10,70
SHP2673,PO2116,MV OceanStar,2027-08-20,2024-01-18,2028-01-06,93
SHP2674,PO1517,MV OceanStar,2028-02-25,2025-03-16,2027-08-01,60
SHP2675,PO2038,MV Horizon,2027-04-28,2028-04-22,2025-07-18,88
SHP2676,PO1105,MV OceanStar,2024-02-23,2023-03-12,2028-02-06,56
SHP2677,PO2281,MV OceanStar,2024-10-02,2027-12-21,2026-03-07,91
SHP2678,PO1658,MV OceanStar,2025-05-19,2024-08-31,2027-05-11,75
SHP2679,PO2163,MV Titan,2027-10-13,2025-02-27,2026-02-05,65
SHP2680,PO1805,MV Horizon,2024-08-08,2027-10-24,2024-12-31,93
SHP2681,PO1272,MV Titan,2024-01-12,2027-09-01,2025-07-08,85
SHP2682,PO2993,MV Horizon,2023-05-25,2023-06-16,2026-01-07,71
SHP2683,PO1171,MV Titan,2023-08-22,2024-09-13,2024-10-01,50
SHP2684,PO1414,MV OceanStar,2024-07-25,2025-07-19,2024-01-29,45
SHP2685,PO1881,MV Titan,2025-02-20,2027-12-22,2027-01-09,47
SHP2686,PO2916,MV OceanStar,2027-11-14,2024-12-20,2023-05-16,62
SHP2687,PO1106,MV OceanStar,2024-02-14,2027-02-27,2023-04-28,52
SHP2688,PO1979,MV OceanStar,2024-01-05,2026-04-25,2026-12-16,52
SHP2689,PO2106,MV Horizon,2028-03-28,2026-10-28,2026-10-14,42
SHP2690,PO1060,MV Horizon,2025-01-15,2024-05-26,2025-11-18,88
SHP2691,PO2304,MV OceanStar,2025-05-23,2024-08-01,2025-09-12,76
SHP2692,PO1694,MV Titan,2026-07-04,2025-08-04,2024-05-05,79
SHP2693,PO1366,MV OceanStar,2026-03-10,2023-11-13,2024-12-27,57
SHP2694,PO1341,MV OceanStar,2027-09-24,2024-02-04,2027-08-29,69
SHP2695,PO1826,MV Horizon,2026-11-12,2025-10-02,2025-07-21,62
SHP2696,PO1504,MV OceanStar,2024-11-04,2023-11-09,2024-03-24,88
SHP2697,PO2586,MV OceanStar,2023-08-15,2024-06-13,2023-08-28,59
SHP2698,PO1365,MV Horizon,2024-12-14,2025-05-04,2026-11-17,65
SHP2699,PO2241,MV Horizon,2028-05-30,2025-02-11,2026-02-06,79
SHP2700,PO2979,MV OceanStar,2023-07-03,2023-06-23,2027-08-06,93
SHP2701,PO2576,MV Titan,2024-10-25,2027-07-02,2027-12-25,45
SHP2702,PO1373,MV Titan,2028-02-22,2025-07-21,2023-01-19,64
SHP2703,PO1977,MV OceanStar,2027-01-06,2026-10-30,2024-12-15,61
SHP2704,PO1145,MV OceanStar,2027-02-18,2024-09-12,2027-06-30,79
SHP2705,PO1885,MV OceanStar,2023-03-13,2026-12-05,2024-12-11,83
SHP2706,PO2312,MV Horizon,2027-07-27,2024-03-10,2026-11-15,78
SHP2707,PO1001,MV OceanStar,2023-04-12,2025-04-03,2027-09-05,91
SHP2708,PO1224,MV Titan,2026-12-24,2028-02-13,2024-03-03,76
SHP2709,PO2224,MV OceanStar,2027-03-07,2027-11-13,2023-06-04,66
SHP2710,PO1873,MV OceanStar,2027-09-12,2023-11-27,2026-05-26,94
SHP2711,PO1694,MV Horizon,2027-02-09,2028-04-03,2025-07-23,41
SHP2712,PO1290,MV OceanStar,2027-07-20,2024-10-18,2027-12-01,84
SHP2713,PO1987,MV Titan,2026-08-18,2027-11-15,2026-12-11,54
SHP2714,PO1535,MV OceanStar,2027-06-21,2027-06-23,2026-02-14,76
SHP2715,PO2636,MV Titan,2024-09-28,2023-12-14,2028-04-01,56
SHP2716,PO1008,MV Titan,2024-12-19,2027-02-12,2028-05-23,59
SHP2717,PO2783,MV Horizon,2028-04-04,2028-02-10,2025-01-18,65
SHP2718,PO2808,MV Horizon,2023-01-05,2028-02-28,2024-08-09,77
SHP2719,PO2782,MV Titan,2027-10-04,2027-07-11,2026-05-11,78
SHP2720,PO1655,MV OceanStar,2026-06-25,2023-05-20,2024-06-06,73
SHP2721,PO1250,MV Horizon,2023-02-28,2028-01-10,2025-12-21,89
SHP2722,PO1352,MV Titan,2027-01-04,2025-05-26,2027-12-02,60
SHP2723,PO2283,MV OceanStar,2026-05-25,2024-12-25,2027-06-20,52
SHP2724,PO1607,MV Horizon,2027-08-08,2023-08-20,2024-06-22,73
SHP2725,PO1418,MV Titan,2024-02-03,2024-03-27,2025-01-27,86
SHP2726,PO1570,MV Titan,2023-02-23,2027-08-18,2023-12-23,49
SHP2727,PO2478,MV OceanStar,2026-04-09,2024-03-26,2026-12-25,72
SHP2728,PO2453,MV Horizon,2027-04-19,2024-09-12,2024-01-15,85
SHP2729,PO1117,MV OceanStar,2025-03-03,2023-11-25,2023-04-04,76
SHP2730,PO2174,MV Titan,2023-08-31,2025-10-28,2027-02-01,56
SHP2731,PO2428,MV OceanStar,2026-03-06,2028-01-10,2027-03-03,44
SHP2732,PO1156,MV OceanStar,2024-10-09,2027-07-23,2023-04-06,67
SHP2733,PO1302,MV OceanStar,2025-04-21,2023-10-11,2024-03-25,43
SHP2734,PO2432,MV Horizon,2027-06-23,2026-12-10,2027-06-09,64
SHP2735,PO2040,MV Titan,2025-06-28,2023-12-04,2027-04-09,42
SHP2736,PO1632,MV OceanStar,2024-03-21,2024-04-29,2024-08-29,41
SHP2737,PO2288,MV Horizon,2027-05-23,2026-09-03,2026-12-19,55
SHP2738,PO2991,MV Horizon,2023-12-17,2026-07-10,2026-09-01,41
SHP2739,PO2834,MV Horizon,2024-01-09,2026-06-02,2027-06-04,82
SHP2740,PO2402,MV Horizon,2026-10-05,2023-11-13,2025-09-10,42
SHP2741,PO1667,MV OceanStar,2024-01-27,2027-02-04,2028-02-29,88
SHP2742,PO2281,MV OceanStar,2023-08-02,2023-07-06,2026-10-18,49
SHP2743,PO1934,MV OceanStar,2024-06-12,2024-07-18,2023-04-03,91
SHP2744,PO1246,MV OceanStar,2027-07-17,2023-04-13,2025-04-24,77
SHP2745,PO1557,MV Horizon,2028-02-12,2025-06-10,2026-06-18,45
SHP2746,PO1059,MV Horizon,2023-09-29,2026-04-08,2025-08-07,41
SHP2747,PO2796,MV OceanStar,2028-05-20,2027-04-01,2027-08-26,42
SHP2748,PO2570,MV Horizon,2023-05-30,2023-04-13,2024-12-06,83
SHP2749,PO2173,MV Titan,2028-05-27,2024-04-28,2028-03-12,91
SHP2750,PO2550,MV OceanStar,2024-01-16,2028-04-17,2025-08-22,83
SHP2751,PO2004,MV Horizon,2026-01-21,2026-12-20,2025-07-26,41
SHP2752,PO1044,MV Titan,2026-09-07,2028-06-18,2025-02-12,58
SHP2753,PO1037,MV Horizon,2023-04-23,2025-03-23,2024-07-14,52
SHP2754,PO2979,MV OceanStar,2025-02-19,2028-05-12,2028-01-23,61
SHP2755,PO1235,MV OceanStar,2028-01-16,2026-02-04,2023-04-29,43
SHP2756,PO1745,MV Titan,2027-01-01,2027-06-12,2027-01-24,80
SHP2757,PO2794,MV Horizon,2026-10-12,2026-03-25,2025-02-01,86
SHP2758,PO1967,MV Horizon,2024-04-23,2027-08-18,2023-11-09,61
SHP2759,PO2335,MV Horizon,2025-05-27,2028-06-07,2025-04-29,67
SHP2760,PO1912,MV Titan,2028-06-17,2026-07-14,2023-07-08,57
SHP2761,PO2281,MV OceanStar,2027-12-21,2024-12-09,2027-10-10,89
SHP2762,PO1909,MV Titan,2025-04-28,2028-01-05,2027-12-04,86
SHP2763,PO2920,MV Horizon,2026-01-03,2025-06-20,2024-01-29,71
SHP2764,PO1837,MV Horizon,2027-12-24,2023-10-02,2025-02-06,47
SHP2765,PO2139,MV OceanStar,2028-05-04,2028-01-26,2027-02-05,87
SHP2766,PO2221,MV Titan,2025-03-19,2025-02-07,2023-05-03,84
SHP2767,PO2287,MV Horizon,2023-07-14,2023-04-15,2025-07-22,42
SHP2768,PO2220,MV Titan,2024-07-20,2023-01-18,2024-06-05,85
SHP2769,PO2735,MV Titan,2027-06-01,2027-09-04,2023-11-09,84
SHP2770,PO2274,MV Horizon,2023-07-23,2026-08-02,2023-05-11,65
SHP2771,PO2536,MV Titan,2025-02-08,2023-11-25,2026-01-29,45
SHP2772,PO1722,MV OceanStar,2027-03-11,2023-03-27,2026-02-04,85
SHP2773,PO1011,MV OceanStar,2027-04-09,2025-04-30,2026-01-21,58
SHP2774,PO1811,MV Horizon,2027-09-23,2027-07-31,2024-04-07,65
SHP2775,PO2749,MV OceanStar,2023-09-26,2026-04-28,2025-04-15,79
SHP2776,PO1506,MV Horizon,2026-03-18,2027-08-06,2028-03-31,84
SHP2777,PO1524,MV OceanStar,2024-09-05,2027-10-15,2025-01-03,53
SHP2778,PO2487,MV OceanStar,2024-12-31,2027-08-08,2023-04-02,55
SHP2779,PO2875,MV Titan,2023-05-29,2023-12-13,2024-04-13,83
SHP2780,PO1532,MV Titan,2024-08-22,2023-12-26,2025-12-08,41
SHP2781,PO1651,MV Titan,2026-03-27,2026-08-21,2025-12-15,58
SHP2782,PO2014,MV Horizon,2027-12-16,2023-12-28,2025-09-17,52
SHP2783,PO2273,MV OceanStar,2025-11-27,2023-02-04,2023-11-10,66
SHP2784,PO2834,MV Horizon,2025-12-15,2027-06-11,2026-05-25,72
SHP2785,PO1311,MV Titan,2026-02-04,2027-07-20,2028-01-02,61
SHP2786,PO2475,MV Horizon,2025-08-01,2026-04-07,2027-08-10,73
SHP2787,PO1090,MV Horizon,2028-05-25,2025-09-28,2026-12-04,93
SHP2788,PO1507,MV Horizon,2023-03-17,2028-02-18,2023-02-02,69
SHP2789,PO2023,MV Titan,2024-03-07,2026-04-29,2025-01-26,54
SHP2790,PO2042,MV Titan,2027-12-27,2024-02-09,2027-12-06,91
SHP2791,PO2198,MV OceanStar,2024-10-18,2023-03-19,2027-04-21,50
SHP2792,PO2959,MV OceanStar,2027-05-26,2027-04-28,2024-03-17,81
SHP2793,PO2094,MV Horizon,2025-03-22,2023-04-07,2026-12-17,80
SHP2794,PO1068,MV Titan,2024-05-19,2028-03-10,2027-07-13,43
SHP2795,PO2678,MV Horizon,2026-06-08,2023-05-18,2027-10-07,70
SHP2796,PO1740,MV Titan,2025-05-22,2026-11-22,2023-02-08,91
SHP2797,PO1441,MV OceanStar,2023-04-18,2028-01-08,2027-05-28,53
SHP2798,PO1448,MV OceanStar,2023-09-16,2027-01-12,2024-09-12,58
SHP2799,PO2968,MV Titan,2026-04-30,2028-01-16,2027-05-21,61
SHP2800,PO2379,MV Horizon,2025-04-27,2026-06-30,2027-06-03,94
SHP2801,PO2711,MV Horizon,2023-01-12,2027-09-20,2025-03-29,50
SHP2802,PO2881,MV Titan,2027-12-15,2027-12-20,2027-08-12,57
SHP2803,PO1994,MV Horizon,2027-12-11,2024-12-05,2027-12-02,59
SHP2804,PO2755,MV OceanStar,2024-11-29,2026-08-09,2026-02-16,85
SHP2805,PO1303,MV Titan,2025-05-29,2025-01-26,2028-05-04,85
SHP2806,PO2566,MV OceanStar,2028-01-15,2023-06-09,2028-04-02,80
SHP2807,PO2473,MV OceanStar,2023-07-20,2026-09-07,2023-02-10,72
SHP2808,PO1527,MV Titan,2023-12-13,2023-08-02,2026-02-16,79
SHP2809,PO1060,MV Titan,2025-03-30,2025-03-08,2026-09-18,52
SHP2810,PO2490,MV OceanStar,2026-12-13,2025-12-31,2023-02-22,55
SHP2811,PO1880,MV Horizon,2026-12-26,2024-01-10,2026-11-01,62
SHP2812,PO1355,MV Titan,2023-08-09,2025-09-09,2025-11-28,56
SHP2813,PO2150,MV Horizon,2024-06-17,2027-04-18,2025-01-01,42
SHP2814,PO1833,MV Titan,2025-06-06,2024-02-18,2027-02-26,70
SHP2815,PO1381,MV OceanStar,2027-01-05,2026-08-15,2023-08-25,86
SHP2816,PO2143,MV Horizon,2028-04-17,2025-02-06,2027-01-25,50
SHP2817,PO2116,MV OceanStar,2025-08-28,2025-04-12,2024-08-19,47
SHP2818,PO1517,MV OceanStar,2023-04-20,2024-03-08,2026-03-21,79
SHP2819,PO1379,MV Horizon,2025-02-01,2023-12-22,2026-10-18,42
SHP2820,PO1088,MV OceanStar,2024-11-17,2023-03-20,2026-03-06,67
SHP2821,PO2643,MV Titan,2028-04-26,2028-05-29,2028-02-18,66
SHP2822,PO2259,MV Titan,2025-03-29,2026-02-25,2024-11-19,46
SHP2823,PO1416,MV OceanStar,2025-09-08,2024-11-05,2023-08-19,83
SHP2824,PO1702,MV OceanStar,2026-10-09,2027-09-02,2023-02-09,40
SHP2825,PO1310,MV Horizon,2025-10-05,2028-04-04,2027-02-19,54
SHP2826,PO1267,MV OceanStar,2026-02-19,2028-06-19,2027-12-31,55
SHP2827,PO1080,MV Horizon,2027-12-26,2023-11-12,2026-10-09,73
SHP2828,PO1356,MV Horizon,2024-12-11,2023-05-24,2026-07-01,45
SHP2829,PO2251,MV OceanStar,2023-09-27,2024-09-23,2023-11-09,67
SHP2830,PO2139,MV Titan,2023-03-11,2026-01-10,2026-03-14,72
SHP2831,PO2728,MV Horizon,2023-06-27,2026-10-26,2023-09-08,94
SHP2832,PO2025,MV Horizon,2023-02-15,2025-11-09,2023-08-03,73
SHP2833,PO1994,MV Horizon,2023-02-21,2028-03-18,2028-04-28,56
SHP2834,PO1032,MV OceanStar,2026-08-02,2026-07-21,2027-09-08,42
SHP2835,PO2702,MV Horizon,2023-10-23,2027-09-06,2027-05-06,56
SHP2836,PO2567,MV Horizon,2027-12-08,2023-05-21,2026-10-03,91
SHP2837,PO1754,MV OceanStar,2028-01-05,2025-10-05,2024-12-12,89
SHP2838,PO2225,MV OceanStar,2023-11-29,2026-11-14,2024-09-30,86
SHP2839,PO1253,MV OceanStar,2027-10-16,2027-12-02,2027-05-11,66
SHP2840,PO1120,MV Titan,2026-03-24,2024-08-02,2027-05-23,94
SHP2841,PO2615,MV Titan,2024-04-20,2026-12-26,2024-09-07,71
SHP2842,PO1173,MV OceanStar,2026-02-25,2025-09-15,2025-09-02,69
SHP2843,PO2521,MV Horizon,2026-07-18,2023-01-23,2025-08-16,41
SHP2844,PO1888,MV OceanStar,2026-01-19,2026-12-08,2024-01-11,54
SHP2845,PO1708,MV OceanStar,2023-11-21,2024-11-19,2023-04-18,58
SHP2846,PO1669,MV Horizon,2025-01-06,2026-03-01,2023-12-14,72
SHP2847,PO2282,MV Horizon,2024-12-04,2027-08-04,2027-01-07,81
SHP2848,PO1171,MV Titan,2027-01-03,2026-01-16,2025-04-15,79
SHP2849,PO1158,MV OceanStar,2023-07-01,2028-05-08,2027-05-25,55
SHP2850,PO1178,MV Titan,2027-06-20,2027-01-02,2028-05-15,51
SHP2851,PO1883,MV Horizon,2023-01-14,2023-06-17,2025-09-25,53
SHP2852,PO2379,MV Horizon,2023-04-19,2026-03-10,2023-02-26,86
SHP2853,PO1356,MV OceanStar,2027-07-22,2023-02-01,2027-03-11,63
SHP2854,PO1862,MV Titan,2027-12-20,2024-12-29,2027-10-08,86
SHP2855,PO2316,MV Titan,2023-09-15,2024-04-29,2027-06-03,54
SHP2856,PO2913,MV Titan,2028-03-07,2023-02-01,2025-11-11,83
SHP2857,PO2229,MV Titan,2025-04-18,2023-07-19,2023-09-27,79
SHP2858,PO2914,MV Titan,2024-03-28,2024-05-24,2023-12-17,57
SHP2859,PO2574,MV Titan,2025-07-23,2023-10-31,2024-05-10,50
SHP2860,PO2665,MV OceanStar,2027-10-09,2028-05-19,2026-01-28,91
SHP2861,PO2504,MV Titan,2028-03-24,2023-02-25,2027-11-10,76
SHP2862,PO2414,MV OceanStar,2026-11-11,2025-08-09,2026-10-04,75
SHP2863,PO1263,MV OceanStar,2024-10-17,2025-05-06,2024-03-26,67
SHP2864,PO2305,MV OceanStar,2023-06-13,2027-12-04,2024-03-15,55
SHP2865,PO2016,MV Horizon,2024-05-18,2026-09-19,2026-08-02,54
SHP2866,PO2368,MV OceanStar,2025-01-12,2027-07-31,2024-05-26,76
SHP2867,PO2489,MV Titan,2024-04-16,2026-07-23,2026-05-27,93
SHP2868,PO1132,MV Titan,2025-02-22,2024-12-18,2023-03-19,83
SHP2869,PO2807,MV Titan,2028-05-22,2027-01-06,2024-04-10,46
SHP2870,PO2920,MV Titan,2026-08-11,2028-05-12,2026-08-21,64
SHP2871,PO1371,MV OceanStar,2024-03-14,2024-11-12,2025-06-04,90
SHP2872,PO2662,MV OceanStar,2025-07-10,2028-05-17,2027-08-08,93
SHP2873,PO1766,MV OceanStar,2023-05-19,2026-04-24,2023-08-28,66
SHP2874,PO1781,MV OceanStar,2025-06-20,2026-03-06,2023-11-02,49
SHP2875,PO1063,MV Titan,2025-11-18,2024-04-13,2026-09-10,72
SHP2876,PO1771,MV Titan,2024-01-18,2027-08-26,2026-01-01,53
SHP2877,PO1202,MV Horizon,2026-08-10,2023-10-26,2025-06-20,48
SHP2878,PO2244,MV OceanStar,2025-04-07,2028-05-22,2023-11-06,74
SHP2879,PO1951,MV Titan,2026-12-19,2024-07-28,2025-03-12,62
SHP2880,PO2721,MV Horizon,2024-05-07,2027-01-15,2027-03-02,63
SHP2881,PO1307,MV Titan,2023-12-04,2026-11-29,2024-06-26,83
SHP2882,PO1178,MV Horizon,2024-02-26,2026-01-16,2028-01-22,46
SHP2883,PO1172,MV OceanStar,2025-12-22,2024-01-03,2026-10-22,73
SHP2884,PO2608,MV Horizon,2024-12-01,2025-12-21,2025-03-19,80
SHP2885,PO1644,MV Titan,2024-09-14,2026-12-30,2025-09-10,65
SHP2886,PO2367,MV Titan,2026-02-24,2023-03-25,2023-09-22,75
SHP2887,PO2063,MV Titan,2028-03-23,2024-04-11,2024-11-03,40
SHP2888,PO2121,MV Titan,2023-03-12,2025-10-28,2025-12-23,40
SHP2889,PO2821,MV Titan,2023-11-27,2025-12-29,2025-06-11,64
SHP2890,PO2167,MV OceanStar,2024-08-26,2027-01-15,2025-10-28,82
SHP2891,PO1471,MV Titan,2025-06-01,2027-03-17,2025-03-09,94
SHP2892,PO2697,MV Horizon,2028-02-10,2026-06-09,2025-04-05,57
SHP2893,PO2965,MV Horizon,2026-09-09,2026-09-05,2025-01-16,81
SHP2894,PO1038,MV Horizon,2024-03-19,2027-06-08,2023-02-06,46
SHP2895,PO1813,MV OceanStar,2023-11-11,2024-06-02,2024-08-29,46
SHP2896,PO1805,MV Titan,2026-06-06,2026-04-09,2026-08-09,91
SHP2897,PO1351,MV OceanStar,2023-05-31,2025-04-22,2024-12-25,70
SHP2898,PO2749,MV Horizon,2027-12-23,2027-03-03,2023-02-23,42
SHP2899,PO1780,MV Titan,2027-01-12,2024-11-18,2027-05-21,43
SHP2900,PO2930,MV OceanStar,2027-05-17,2027-05-10,2024-03-26,93
SHP2901,PO2844,MV Titan,2023-05-05,2028-05-24,2023-04-23,61
SHP2902,PO2471,MV OceanStar,2027-04-21,2025-12-02,2028-06-20,75
SHP2903,PO1513,MV Titan,2025-03-01,2028-02-03,2027-08-02,41
SHP2904,PO1305,MV Horizon,2023-07-16,2027-01-07,2027-09-01,80
SHP2905,PO1719,MV OceanStar,2028-05-18,2025-04-15,2027-12-27,79
SHP2906,PO2018,MV Horizon,2027-10-30,2028-06-26,2027-12-18,91
SHP2907,PO1107,MV OceanStar,2025-11-15,2025-09-10,2026-01-06,93
SHP2908,PO2744,MV OceanStar,2023-05-03,2023-08-21,2027-01-15,45
SHP2909,PO1037,MV Titan,2026-11-28,2023-04-01,2025-01-14,64
SHP2910,PO1853,MV OceanStar,2026-03-29,2023-09-23,2025-04-10,82
SHP2911,PO1679,MV OceanStar,2027-04-05,2024-08-10,2024-03-15,86
SHP2912,PO1438,MV Horizon,2027-02-19,2024-02-20,2028-01-02,43
SHP2913,PO1061,MV Titan,2025-06-09,2026-05-15,2024-08-12,43
SHP2914,PO2440,MV Horizon,2028-02-18,2024-10-03,2028-02-15,68
SHP2915,PO1199,MV Horizon,2023-06-01,2026-02-27,2024-08-28,73
SHP2916,PO1812,MV Titan,2025-01-18,2023-12-10,2024-05-08,57
SHP2917,PO2744,MV Titan,2024-09-06,2023-12-23,2028-05-27,52
SHP2918,PO2490,MV OceanStar,2028-02-19,2024-04-25,2025-02-12,61
SHP2919,PO1441,MV OceanStar,2027-07-03,2026-11-09,2025-03-31,94
SHP2920,PO2194,MV OceanStar,2024-04-04,2027-07-13,2023-10-07,51
SHP2921,PO1929,MV OceanStar,2023-12-21,2026-04-29,2026-04-24,92
SHP2922,PO1257,MV Horizon,2025-12-24,2026-02-14,2027-02-08,93
SHP2923,PO2673,MV Horizon,2025-05-12,2025-04-05,2025-02-20,63
SHP2924,PO1733,MV Titan,2027-04-13,2024-07-23,2028-01-21,47
SHP2925,PO2472,MV Horizon,2027-08-09,2028-01-04,2024-02-29,81
SHP2926,PO2128,MV OceanStar,2026-01-12,2024-03-02,2027-08-10,47
SHP2927,PO1712,MV Horizon,2025-04-10,2024-12-27,2024-03-17,79
SHP2928,PO2695,MV OceanStar,2027-04-12,2025-05-15,2026-05-28,55
SHP2929,PO1845,MV Horizon,2028-02-26,2025-08-18,2024-03-01,42
SHP2930,PO2085,MV OceanStar,2025-10-26,2025-12-09,2024-08-04,49
SHP2931,PO2778,MV Horizon,2027-06-02,2026-08-01,2028-04-11,53
SHP2932,PO2490,MV Titan,2026-04-10,2023-09-27,2026-11-05,66
SHP2933,PO2325,MV OceanStar,2024-12-17,2024-01-24,2024-09-06,70
SHP2934,PO1475,MV OceanStar,2024-05-23,2023-04-17,2027-04-24,47
SHP2935,PO2383,MV Horizon,2028-03-10,2028-05-25,2027-05-02,80
SHP2936,PO1805,MV OceanStar,2027-08-21,2026-09-10,2026-02-22,43
SHP2937,PO2431,MV OceanStar,2024-05-12,2023-09-16,2026-09-20,82
SHP2938,PO2026,MV OceanStar,2025-02-07,2025-03-18,2023-11-13,78
SHP2939,PO1572,MV Titan,2026-07-27,2025-05-21,2025-01-17,47
SHP2940,PO1567,MV OceanStar,2027-12-18,2023-01-12,2028-06-27,56
SHP2941,PO1310,MV Horizon,2026-02-11,2023-03-23,2027-01-11,50
SHP2942,PO2773,MV Titan,2028-03-05,2027-03-21,2024-11-22,94
SHP2943,PO2956,MV Horizon,2025-06-03,2024-08-23,2026-07-03,79
SHP2944,PO2602,MV Titan,2025-09-05,2025-07-09,2028-04-03,89
SHP2945,PO2245,MV Titan,2023-01-23,2025-07-14,2026-03-12,88
SHP2946,PO2057,MV Titan,2025-06-17,2025-02-18,2027-05-07,57
SHP2947,PO1286,MV Titan,2027-12-09,2028-03-16,2028-03-21,70
SHP2948,PO1319,MV Titan,2027-04-22,2023-06-11,2023-10-15,63
SHP2949,PO2971,MV Titan,2028-01-07,2025-06-19,2024-12-27,73
SHP2950,PO2048,MV Horizon,2024-10-31,2023-07-05,2027-05-19,90
SHP2951,PO1768,MV OceanStar,2026-09-18,2027-05-01,2023-09-08,47
SHP2952,PO2490,MV Titan,2027-01-21,2023-02-18,2026-05-13,62
SHP2953,PO1409,MV Titan,2028-03-09,2026-12-21,2024-12-14,59
SHP2954,PO2208,MV Titan,2027-03-16,2028-02-17,2027-11-16,91
SHP2955,PO2097,MV Horizon,2026-10-08,2026-04-11,2023-02-07,85
SHP2956,PO1793,MV Titan,2025-05-03,2025-07-15,2023-03-14,48
SHP2957,PO1656,MV OceanStar,2025-01-01,2026-04-24,2025-02-03,40
SHP2958,PO2138,MV Titan,2027-10-10,2025-04-07,2026-07-28,55
SHP2959,PO1060,MV Horizon,2024-11-22,2023-07-26,2026-05-28,41
SHP2960,PO1486,MV Horizon,2025-04-25,2023-10-26,2024-11-15,64
SHP2961,PO1742,MV OceanStar,2028-02-21,2024-08-24,2024-09-12,91
SHP2962,PO1638,MV Titan,2026-04-18,2024-03-04,2024-08-31,59
SHP2963,PO1615,MV Titan,2023-05-09,2026-09-16,2023-04-30,63
SHP2964,PO2225,MV Horizon,2026-11-18,2023-09-02,2026-12-16,51
SHP2965,PO1868,MV Titan,2025-03-13,2026-03-15,2027-03-13,89
SHP2966,PO1390,MV Titan,2026-03-13,2026-11-23,2028-04-04,42
SHP2967,PO1542,MV Titan,2027-09-22,2025-12-07,2023-05-10,42
SHP2968,PO1747,MV OceanStar,2026-08-24,2025-12-11,2023-10-06,75
SHP2969,PO2744,MV OceanStar,2023-10-15,2027-05-02,2025-11-27,65
SHP2970,PO2109,MV Horizon,2026-01-31,2026-08-08,2026-12-15,64
SHP2971,PO1192,MV OceanStar,2024-11-30,2027-11-27,2027-11-12,50
SHP2972,PO1976,MV Titan,2027-10-01,2024-07-04,2024-03-22,75
SHP2973,PO2253,MV OceanStar,2024-01-06,2026-03-23,2027-03-13,82
SHP2974,PO1419,MV Titan,2024-12-28,2024-03-23,2023-09-01,84
SHP2975,PO2325,MV Titan,2025-11-26,2024-01-15,2027-06-09,91
SHP2976,PO1600,MV OceanStar,2027-08-22,2027-03-03,2023-12-01,46
SHP2977,PO1256,MV Horizon,2028-03-30,2027-01-26,2025-01-31,74
SHP2978,PO1896,MV Horizon,2027-03-24,2028-01-01,2024-12-28,59
SHP2979,PO2867,MV Titan,2023-11-09,2027-09-24,2027-10-17,71
SHP2980,PO2226,MV OceanStar,2023-05-07,2028-07-07,2025-05-06,42
SHP2981,PO2464,MV Titan,2027-05-25,2024-03-06,2024-06-28,91
SHP2982,PO1927,MV Horizon,2026-07-15,2027-09-20,2024-03-27,51
SHP2983,PO2981,MV Horizon,2028-04-02,2025-02-22,2028-05-19,86
SHP2984,PO1398,MV OceanStar,2026-01-15,2028-05-14,2026-11-16,84
SHP2985,PO1047,MV OceanStar,2025-09-24,2026-07-11,2027-11-23,46
SHP2986,PO1272,MV OceanStar,2026-06-05,2025-10-24,2025-10-27,92
SHP2987,PO2870,MV Horizon,2027-08-31,2027-10-28,2024-02-04,70
SHP2988,PO2680,MV Horizon,2026-06-12,2024-09-26,2024-11-17,42
SHP2989,PO1805,MV Titan,2023-08-03,2026-05-17,2023-12-29,49
SHP2990,PO2992,MV OceanStar,2023-10-31,2025-10-16,2025-03-24,41
SHP2991,PO1274,MV Titan,2027-01-15,2023-06-18,2023-06-12,85
SHP2992,PO1946,MV Titan,2025-07-08,2027-02-16,2024-11-08,40
SHP2993,PO2251,MV Horizon,2024-04-21,2024-03-10,2025-05-20,77
SHP2994,PO2300,MV OceanStar,2026-11-15,2023-08-02,2024-08-02,80
SHP2995,PO1407,MV Titan,2026-03-14,2025-12-08,2027-10-16,41
SHP2996,PO1265,MV Titan,2024-08-31,2026-08-13,2025-03-30,69
SHP2997,PO2974,MV OceanStar,2027-03-06,2025-12-29,2026-05-12,57
SHP2998,PO1779,MV Horizon,2028-01-23,2027-12-03,2028-03-25,80
SHP2999,PO2832,MV Titan,2026-08-12,2025-12-12,2025-07-19,86
SHP3000,PO2278,MV OceanStar,2023-03-04,2026-06-02,2026-10-16,42
SHP3001,PO1810,MV Titan,2023-12-15,2028-01-03,2026-10-27,64
SHP3002,PO1608,MV Titan,2027-11-07,2027-04-15,2026-01-15,64
SHP3003,PO2128,MV OceanStar,2024-07-11,2027-09-16,2027-03-03,76
SHP3004,PO1659,MV Horizon,2026-05-12,2025-09-24,2025-12-10,46
SHP3005,PO1666,MV Titan,2027-05-05,2023-02-03,2024-11-16,86
SHP3006,PO1451,MV Titan,2026-01-05,2026-03-30,2024-09-06,88
SHP3007,PO2536,MV OceanStar,2026-08-17,2028-05-25,2026-12-20,82
SHP3008,PO1868,MV OceanStar,2026-09-12,2025-10-26,2028-04-30,50
SHP3009,PO1610,MV Titan,2025-02-27,2024-04-28,2026-10-10,85
SHP3010,PO2234,MV Titan,2023-09-10,2023-05-23,2027-05-30,93
SHP3011,PO2391,MV Horizon,2027-03-25,2027-09-17,2025-03-14,93
SHP3012,PO1120,MV Titan,2025-12-26,2023-04-17,2028-03-09,65
SHP3013,PO2190,MV Titan,2023-02-11,2028-05-03,2024-05-29,43
SHP3014,PO1317,MV Titan,2027-01-16,2024-04-05,2024-08-30,64
SHP3015,PO2351,MV Horizon,2026-06-28,2025-07-16,2024-07-27,52
SHP3016,PO2432,MV OceanStar,2024-09-18,2026-12-03,2027-01-01,54
SHP3017,PO2189,MV Horizon,2025-06-22,2025-12-04,2025-01-01,66
SHP3018,PO2702,MV Titan,2027-06-09,2024-09-07,2025-04-25,76
SHP3019,PO1118,MV Horizon,2026-07-10,2026-11-28,2023-05-12,48
SHP3020,PO1114,MV OceanStar,2023-05-06,2027-10-09,2024-11-14,67
SHP3021,PO2037,MV OceanStar,2024-09-25,2028-04-29,2024-09-01,92
SHP3022,PO2391,MV OceanStar,2023-05-04,2024-09-27,2024-08-13,43
SHP3023,PO2994,MV OceanStar,2023-08-21,2023-10-26,2023-07-19,92
SHP3024,PO1452,MV OceanStar,2025-09-13,2024-12-19,2024-07-23,79
SHP3025,PO2572,MV Horizon,2027-11-06,2026-03-13,2028-05-11,47
SHP3026,PO2101,MV OceanStar,2024-01-21,2027-10-23,2027-10-03,59
SHP3027,PO1875,MV OceanStar,2025-08-24,2023-09-17,2023-04-27,55
SHP3028,PO1145,MV Titan,2025-10-22,2024-08-09,2024-05-23,53
SHP3029,PO1592,MV Titan,2026-11-05,2025-12-08,2025-11-23,94
SHP3030,PO2733,MV Titan,2024-10-07,2026-08-01,2025-09-16,63
SHP3031,PO1195,MV Titan,2024-08-03,2026-09-26,2026-06-20,87
SHP3032,PO2061,MV Titan,2024-07-06,2026-06-20,2026-01-09,41
SHP3033,PO1813,MV OceanStar,2023-05-22,2025-08-27,2026-01-22,67
SHP3034,PO1901,MV Titan,2023-01-03,2027-05-12,2026-06-26,54
SHP3035,PO1907,MV OceanStar,2024-05-24,2023-03-27,2028-02-26,50
SHP3036,PO2514,MV Horizon,2024-03-11,2023-08-17,2024-04-20,84
SHP3037,PO2082,MV Titan,2024-08-12,2028-04-29,2025-10-25,68
SHP3038,PO1735,MV Titan,2024-02-29,2024-11-17,2028-01-24,84
SHP3039,PO2129,MV Horizon,2027-09-10,2025-03-22,2023-06-03,94
SHP3040,PO1880,MV OceanStar,2026-03-22,2025-09-23,2023-05-18,75
SHP3041,PO2545,MV OceanStar,2024-10-19,2028-03-06,2024-02-18,88
SHP3042,PO2377,MV Titan,2026-01-08,2027-12-27,2028-06-13,92
SHP3043,PO2602,MV OceanStar,2024-02-04,2025-07-25,2025-12-03,71
SHP3044,PO1208,MV Titan,2025-09-01,2023-07-25,2024-02-03,92
SHP3045,PO2195,MV OceanStar,2027-11-16,2025-11-07,2023-02-07,89
SHP3046,PO2439,MV Horizon,2023-08-11,2026-08-14,2023-07-30,88
SHP3047,PO2436,MV Titan,2025-05-16,2025-08-17,2025-03-29,80
SHP3048,PO2460,MV OceanStar,2024-01-07,2025-03-08,2023-08-05,49
SHP3049,PO1013,MV OceanStar,2027-08-14,2024-01-03,2026-08-02,81
SHP3050,PO2818,MV Horizon,2027-08-11,2024-01-20,2026-03-16,73
SHP3051,PO1423,MV OceanStar,2028-05-31,2025-02-07,2024-10-26,45
SHP3052,PO1998,MV Titan,2025-01-03,2028-03-24,2023-05-15,58
SHP3053,PO2721,MV OceanStar,2027-11-21,2026-08-20,2026-03-27,81
SHP3054,PO1058,MV OceanStar,2027-03-31,2026-01-12,2027-03-22,88
SHP3055,PO1568,MV Titan,2028-03-19,2024-04-03,2027-07-22,41
SHP3056,PO2871,MV Horizon,2023-03-31,2027-02-04,2024-02-16,54
SHP3057,PO2709,MV OceanStar,2025-11-07,2023-04-27,2026-04-28,82
SHP3058,PO1007,MV Horizon,2024-10-15,2023-10-12,2025-02-14,60
SHP3059,PO1621,MV Horizon,2024-09-04,2025-05-31,2026-08-26,89
SHP3060,PO2303,MV OceanStar,2026-10-17,2025-11-29,2024-12-01,91
SHP3061,PO1622,MV Horizon,2025-01-24,2026-07-05,2025-11-08,59
SHP3062,PO2704,MV Titan,2024-12-23,2026-07-16,2028-03-12,67
SHP3063,PO2387,MV Horizon,2027-02-28,2024-11-04,2027-07-05,80
SHP3064,PO2501,MV OceanStar,2025-06-12,2023-03-30,2027-07-02,46
SHP3065,PO1936,MV OceanStar,2026-12-09,2025-07-08,2024-05-28,78
SHP3066,PO2822,MV Titan,2023-06-04,2026-12-18,2027-04-12,40
SHP3067,PO2740,MV OceanStar,2023-03-01,2024-12-11,2026-05-30,65
SHP3068,PO2526,MV Horizon,2027-02-05,2023-06-08,2024-11-18,86
SHP3069,PO2907,MV Titan,2025-03-23,2028-03-06,2028-02-05,77
SHP3070,PO1161,MV Horizon,2023-11-23,2025-07-30,2024-04-24,50
SHP3071,PO1343,MV Titan,2023-02-06,2028-05-25,2024-03-04,49
SHP3072,PO2141,MV Horizon,2027-07-13,2027-06-13,2023-03-16,74
SHP3073,PO2686,MV OceanStar,2024-06-01,2023-07-21,2023-05-10,51
SHP3074,PO1763,MV Titan,2028-04-14,2026-01-29,2026-06-21,47
SHP3075,PO2748,MV Horizon,2024-03-15,2027-01-22,2023-11-27,40
SHP3076,PO2465,MV Titan,2025-05-25,2024-05-17,2026-05-05,55
SHP3077,PO2074,MV OceanStar,2024-03-04,2025-01-09,2026-09-15,82
SHP3078,PO2854,MV Titan,2024-11-01,2024-09-03,2026-04-30,50
SHP3079,PO2627,MV OceanStar,2026-08-08,2023-03-16,2025-10-01,49
SHP3080,PO1731,MV OceanStar,2023-04-27,2024-06-13,2027-10-12,63
SHP3081,PO1732,MV Titan,2026-01-02,2023-03-13,2026-11-05,66
SHP3082,PO2533,MV OceanStar,2026-07-02,2027-11-18,2026-04-16,86
SHP3083,PO1815,MV Horizon,2027-10-29,2023-02-23,2023-09-14,92
SHP3084,PO1933,MV OceanStar,2024-11-28,2026-05-27,2026-11-01,61
SHP3085,PO1710,MV Horizon,2027-10-05,2026-10-03,2027-05-11,54
SHP3086,PO2667,MV Horizon,2023-05-20,2026-12-21,2027-12-29,82
SHP3087,PO1112,MV Titan,2028-01-02,2025-02-21,2023-02-18,49
SHP3088,PO1759,MV Titan,2027-11-19,2026-10-31,2025-02-10,92
SHP3089,PO1162,MV OceanStar,2026-07-03,2025-03-03,2027-05-12,87
SHP3090,PO2975,MV OceanStar,2024-08-29,2023-10-27,2026-09-16,43
SHP3091,PO1353,MV OceanStar,2023-05-27,2025-02-22,2025-11-07,94
SHP3092,PO2665,MV Titan,2025-12-20,2026-02-04,2023-06-29,41
SHP3093,PO2483,MV OceanStar,2025-04-05,2026-11-07,2023-11-01,67
SHP3094,PO1658,MV Titan,2026-10-15,2027-11-12,2026-03-07,71
SHP3095,PO1038,MV OceanStar,2026-02-06,2026-12-27,2027-04-11,86
SHP3096,PO2599,MV Horizon,2026-06-13,2024-01-09,2026-10-12,69
SHP3097,PO1367,MV Horizon,2026-04-13,2024-06-08,2027-01-09,41
SHP3098,PO2447,MV OceanStar,2026-06-27,2026-04-11,2025-03-14,94
SHP3099,PO2430,MV OceanStar,2024-04-30,2026-07-03,2026-07-28,55
SHP3100,PO2215,MV OceanStar,2025-01-07,2024-03-11,2026-12-12,62
SHP3101,PO2114,MV OceanStar,2025-07-17,2027-04-16,2025-06-21,43
SHP3102,PO1469,MV OceanStar,2026-07-07,2025-07-07,2027-07-08,69
SHP3103,PO1467,MV Horizon,2027-11-23,2027-05-20,2023-06-02,44
SHP3104,PO2289,MV OceanStar,2027-07-19,2023-12-31,2027-08-19,52
SHP3105,PO2149,MV OceanStar,2027-10-08,2025-12-13,2024-11-20,66
SHP3106,PO2574,MV Titan,2028-03-01,2027-01-17,2024-07-25,72
SHP3107,PO2005,MV Titan,2028-04-30,2027-12-11,2023-03-01,61
SHP3108,PO1290,MV OceanStar,2026-06-16,2027-02-14,2026-06-28,80
SHP3109,PO1265,MV OceanStar,2026-07-30,2027-02-03,2026-08-13,47
SHP3110,PO2209,MV OceanStar,2026-04-14,2023-04-25,2027-07-18,59
SHP3111,PO1571,MV OceanStar,2026-02-08,2027-02-16,2027-05-27,71
SHP3112,PO2365,MV OceanStar,2025-08-23,2028-05-15,2027-09-01,51
SHP3113,PO1245,MV OceanStar,2023-04-09,2024-07-15,2025-08-24,88
SHP3114,PO2951,MV Horizon,2027-03-01,2023-07-06,2026-05-21,40
SHP3115,PO2449,MV Horizon,2027-05-08,2024-03-22,2027-12-26,61
SHP3116,PO2690,MV Titan,2023-11-16,2023-09-04,2024-11-24,70
SHP3117,PO2640,MV OceanStar,2025-12-10,2023-09-20,2025-01-18,78
SHP3118,PO2831,MV Horizon,2025-08-25,2023-05-04,2027-06-25,94
SHP3119,PO2698,MV OceanStar,2023-08-23,2027-03-10,2023-11-28,56
SHP3120,PO2596,MV OceanStar,2026-08-07,2028-04-25,2027-04-17,94
SHP3121,PO1752,MV Horizon,2027-11-01,2025-11-05,2026-05-05,44
SHP3122,PO1570,MV Titan,2027-05-03,2027-06-17,2024-09-02,74
SHP3123,PO1904,MV OceanStar,2025-01-10,2023-04-05,2024-08-03,49
SHP3124,PO2139,MV OceanStar,2024-10-24,2026-05-27,2024-11-01,49
SHP3125,PO1201,MV Horizon,2026-07-16,2023-03-03,2023-11-22,64
SHP3126,PO1037,MV Titan,2028-02-11,2025-09-16,2023-11-04,76
SHP3127,PO2738,MV Horizon,2025-03-10,2027-08-10,2025-01-23,93
SHP3128,PO1926,MV Titan,2023-07-27,2028-04-12,2026-11-20,41
SHP3129,PO2438,MV Horizon,2023-11-19,2024-05-15,2028-04-04,60
SHP3130,PO2675,MV Titan,2023-12-12,2023-11-03,2026-06-30,81
SHP3131,PO1085,MV Horizon,2024-03-22,2024-11-18,2027-07-06,61
SHP3132,PO1070,MV Titan,2025-07-01,2023-07-05,2023-09-08,74
SHP3133,PO2906,MV Horizon,2028-01-27,2026-05-01,2028-05-02,47
SHP3134,PO2771,MV Horizon,2024-06-05,2023-08-15,2026-03-26,62
SHP3135,PO2385,MV Titan,2028-02-24,2027-12-24,2027-12-17,84
SHP3136,PO2080,MV Titan,2023-10-30,2023-04-21,2025-07-14,64
SHP3137,PO1703,MV Titan,2025-08-16,2027-08-16,2026-09-04,65
SHP3138,PO2785,MV Horizon,2025-08-18,2024-05-28,2024-09-30,42
SHP3139,PO2884,MV OceanStar,2024-10-23,2023-11-10,2024-12-21,94
SHP3140,PO1717,MV Titan,2023-04-05,2025-11-08,2028-02-27,88
SHP3141,PO2768,MV Horizon,2023-11-24,2028-01-13,2023-11-24,78
SHP3142,PO2317,MV OceanStar,2028-06-16,2025-02-14,2024-01-10,55
SHP3143,PO2836,MV Horizon,2028-04-12,2026-05-23,2027-08-22,80
SHP3144,PO2593,MV Horizon,2024-12-26,2023-04-22,2028-01-04,45
SHP3145,PO1071,MV OceanStar,2024-08-19,2027-04-04,2026-09-04,40
SHP3146,PO1017,MV Titan,2027-02-07,2024-04-23,2024-07-20,45
SHP3147,PO1669,MV OceanStar,2024-02-22,2027-07-03,2025-12-04,79
SHP3148,PO2924,MV Horizon,2025-08-13,2024-04-13,2025-12-26,71
SHP3149,PO2352,MV OceanStar,2025-09-03,2026-02-05,2026-09-12,60
SHP3150,PO1287,MV Titan,2027-10-25,2026-02-11,2028-07-02,71
SHP3151,PO2201,MV Titan,2023-09-07,2025-05-29,2025-08-24,50
SHP3152,PO2652,MV OceanStar,2026-12-22,2027-07-09,2025-12-17,77
SHP3153,PO1444,MV OceanStar,2027-11-27,2024-06-24,2025-11-03,44
SHP3154,PO2578,MV OceanStar,2028-06-15,2024-09-01,2027-08-20,79
SHP3155,PO1304,MV Titan,2026-02-01,2024-04-08,2023-07-18,91
SHP3156,PO2007,MV Titan,2027-02-26,2023-09-24,2023-06-19,71
SHP3157,PO1940,MV OceanStar,2026-04-26,2027-10-03,2025-08-06,49
SHP3158,PO2813,MV Horizon,2026-11-19,2026-11-04,2027-09-16,58
SHP3159,PO2516,MV OceanStar,2023-03-07,2024-02-14,2024-04-15,48
SHP3160,PO1258,MV OceanStar,2028-04-28,2023-08-27,2023-12-09,77
SHP3161,PO2902,MV Titan,2027-01-24,2025-06-27,2023-08-15,64
SHP3162,PO1649,MV Titan,2023-10-07,2026-08-06,2025-09-22,51
SHP3163,PO1803,MV Horizon,2025-04-11,2024-10-13,2024-06-25,56
SHP3164,PO2111,MV Horizon,2027-06-15,2025-04-06,2026-06-18,70
SHP3165,PO1252,MV Titan,2026-09-21,2026-09-29,2024-01-12,77
SHP3166,PO1372,MV Horizon,2027-05-01,2024-03-01,2023-05-10,89
SHP3167,PO2498,MV Titan,2026-09-16,2026-05-15,2027-12-28,89
SHP3168,PO2971,MV Titan,2026-11-01,2026-05-03,2026-03-28,52
SHP3169,PO2035,MV Horizon,2023-01-26,2028-06-25,2025-08-13,80
SHP3170,PO1765,MV Titan,2028-06-10,2026-08-12,2028-03-22,64
SHP3171,PO1016,MV Horizon,2023-07-28,2023-07-23,2027-08-02,87
SHP3172,PO1827,MV Titan,2026-07-13,2026-02-01,2023-05-28,84
SHP3173,PO2968,MV Horizon,2028-06-05,2025-08-30,2024-10-19,43
SHP3174,PO2672,MV OceanStar,2026-01-28,2026-03-13,2025-12-28,57
SHP3175,PO1761,MV OceanStar,2025-03-14,2027-12-08,2023-08-25,78
SHP3176,PO1638,MV Horizon,2026-04-19,2023-11-09,2025-03-20,67
SHP3177,PO1574,MV Titan,2025-10-04,2024-02-19,2026-02-15,56
SHP3178,PO2194,MV Horizon,2027-09-25,2024-06-08,2026-01-22,53
SHP3179,PO2198,MV OceanStar,2027-09-21,2024-11-28,2024-08-22,88
SHP3180,PO2146,MV Horizon,2023-05-18,2026-04-05,2028-07-02,53
SHP3181,PO2202,MV Horizon,2026-08-16,2023-08-23,2026-12-17,50
SHP3182,PO1357,MV OceanStar,2025-03-21,2024-02-10,2028-03-29,57
SHP3183,PO2850,MV OceanStar,2026-02-07,2025-03-14,2024-08-21,81
SHP3184,PO1789,MV Titan,2023-02-13,2024-09-06,2027-01-15,61
SHP3185,PO2348,MV OceanStar,2024-08-01,2027-10-14,2026-04-21,57
SHP3186,PO2261,MV OceanStar,2023-11-12,2026-06-21,2023-07-18,57
SHP3187,PO2584,MV Titan,2026-04-04,2027-11-01,2023-09-18,44
SHP3188,PO1694,MV Horizon,2027-05-28,2025-08-30,2024-09-19,91
SHP3189,PO2007,MV OceanStar,2024-10-22,2027-01-05,2027-12-15,91
SHP3190,PO2190,MV Titan,2026-03-25,2024-08-09,2023-11-01,40
SHP3191,PO1688,MV Titan,2028-02-01,2028-06-01,2028-03-03,92
SHP3192,PO2229,MV Horizon,2024-06-14,2027-07-05,2023-02-02,61
SHP3193,PO1659,MV Titan,2023-08-08,2027-12-26,2026-11-21,85
SHP3194,PO2441,MV OceanStar,2026-03-19,2026-08-26,2023-12-31,42
SHP3195,PO2815,MV Horizon,2028-01-12,2023-08-23,2024-12-16,65
SHP3196,PO2921,MV Horizon,2025-02-06,2028-04-29,2026-07-24,59
SHP3197,PO1120,MV OceanStar,2026-07-17,2023-07-25,2027-07-06,42
SHP3198,PO1517,MV Horizon,2026-03-03,2027-07-21,2025-02-06,79
SHP3199,PO2782,MV OceanStar,2023-03-20,2027-02-10,2027-07-15,74
SHP3200,PO1328,MV OceanStar,2027-07-24,2025-03-29,2026-09-12,71
SHP3201,PO1431,MV Titan,2028-06-11,2024-08-24,2025-10-21,73
SHP3202,PO2852,MV Horizon,2027-08-25,2028-06-27,2025-08-24,56
SHP3203,PO2994,MV OceanStar,2027-04-14,2027-05-18,2026-07-18,41
SHP3204,PO1542,MV OceanStar,2023-03-03,2025-02-12,2025-04-27,57
SHP3205,PO2719,MV Horizon,2028-05-16,2025-09-19,2028-03-13,53
SHP3206,PO1644,MV Horizon,2024-06-09,2026-03-30,2025-08-06,69
SHP3207,PO1620,MV OceanStar,2027-12-19,2026-08-16,2024-12-13,86
SHP3208,PO2058,MV OceanStar,2026-05-24,2028-05-26,2027-01-09,53
SHP3209,PO1878,MV OceanStar,2023-09-09,2026-10-07,2025-12-15,47
SHP3210,PO1806,MV Horizon,2026-10-02,2026-07-03,2026-08-25,42
SHP3211,PO1921,MV Titan,2023-11-13,2023-07-22,2024-09-13,43
SHP3212,PO2983,MV Titan,2024-09-03,2026-03-15,2024-03-24,48
SHP3213,PO2020,MV Horizon,2024-06-10,2023-10-20,2026-09-11,43
SHP3214,PO1469,MV Titan,2024-06-04,2023-05-15,2025-07-27,94
SHP3215,PO2936,MV OceanStar,2025-05-05,2025-10-17,2025-03-28,61
SHP3216,PO1493,MV OceanStar,2023-01-16,2026-03-02,2026-04-14,68
SHP3217,PO1200,MV Horizon,2024-02-17,2023-09-12,2026-12-23,65
SHP3218,PO1544,MV OceanStar,2026-09-19,2027-04-22,2024-11-02,78
SHP3219,PO2155,MV Horizon,2024-08-24,2024-09-25,2027-06-03,68
SHP3220,PO2861,MV OceanStar,2024-08-23,2026-02-05,2028-05-31,55
SHP3221,PO2805,MV Horizon,2028-02-16,2025-04-29,2027-03-25,48
SHP3222,PO2372,MV Horizon,2024-07-12,2028-02-26,2026-02-01,85
SHP3223,PO1480,MV Titan,2023-10-19,2028-01-15,2024-06-20,81
SHP3224,PO1470,MV Titan,2026-01-30,2024-10-02,2027-08-02,82
SHP3225,PO1830,MV OceanStar,2023-10-03,2026-12-08,2026-03-08,85
SHP3226,PO2262,MV Titan,2027-02-06,2028-04-02,2023-05-27,72
SHP3227,PO1876,MV OceanStar,2025-12-17,2023-12-05,2028-07-03,79
SHP3228,PO2640,MV OceanStar,2026-05-02,2028-06-14,2025-07-20,74
SHP3229,PO1600,MV Horizon,2023-04-24,2023-02-28,2023-08-22,47
SHP3230,PO2507,MV OceanStar,2025-01-05,2025-02-11,2024-02-10,58
SHP3231,PO1898,MV Titan,2027-11-10,2025-01-10,2025-09-07,82
SHP3232,PO2343,MV Horizon,2027-07-04,2025-11-19,2027-02-21,57
SHP3233,PO1432,MV OceanStar,2023-07-10,2026-02-27,2024-10-16,80
SHP3234,PO2486,MV Titan,2025-06-25,2023-08-11,2028-06-29,79
SHP3235,PO2067,MV Horizon,2027-03-19,2026-08-19,2024-01-03,71
SHP3236,PO2984,MV OceanStar,2023-10-01,2024-01-28,2026-02-28,45
SHP3237,PO2004,MV Titan,2027-08-07,2026-07-03,2026-04-17,72
SHP3238,PO1222,MV Horizon,2027-12-12,2024-11-14,2023-03-09,45
SHP3239,PO1300,MV OceanStar,2026-12-16,2025-06-29,2027-10-06,91
SHP3240,PO2372,MV Horizon,2023-09-05,2026-01-22,2025-11-30,72
SHP3241,PO1003,MV Titan,2023-05-24,2026-12-21,2024-08-01,54
SHP3242,PO1293,MV Titan,2023-11-25,2026-10-08,2025-10-23,79
SHP3243,PO1139,MV Titan,2024-03-16,2025-11-07,2028-02-19,46
SHP3244,PO1035,MV Horizon,2025-07-21,2025-01-14,2026-12-01,48
SHP3245,PO1482,MV Titan,2023-09-28,2027-06-02,2026-07-31,46
SHP3246,PO1980,MV OceanStar,2027-02-23,2026-10-23,2027-08-29,60
SHP3247,PO1464,MV Horizon,2027-05-13,2023-07-25,2025-08-18,75
SHP3248,PO2193,MV OceanStar,2026-08-25,2023-05-07,2023-09-24,93
SHP3249,PO2397,MV OceanStar,2023-04-16,2026-06-21,2023-05-18,69
SHP3250,PO2537,MV OceanStar,2024-02-12,2025-09-28,2026-08-17,77
SHP3251,PO2864,MV Horizon,2026-02-14,2027-04-02,2026-04-29,48
SHP3252,PO2676,MV Horizon,2027-08-10,2024-12-04,2026-12-27,78
SHP3253,PO1012,MV OceanStar,2028-02-13,2026-03-06,2028-01-08,85
SHP3254,PO1904,MV OceanStar,2024-06-26,2028-05-03,2025-02-22,58
SHP3255,PO2153,MV OceanStar,2025-01-11,2025-11-14,2023-09-26,63
SHP3256,PO2570,MV OceanStar,2023-02-04,2028-01-05,2027-06-25,65
SHP3257,PO2261,MV Titan,2024-09-09,2026-07-31,2027-04-19,41
SHP3258,PO2221,MV OceanStar,2023-10-10,2023-11-27,2025-08-16,84
SHP3259,PO1787,MV Titan,2023-06-15,2024-08-21,2025-03-12,40
SHP3260,PO2783,MV OceanStar,2025-05-17,2026-03-22,2028-05-17,47
SHP3261,PO2386,MV OceanStar,2027-06-19,2024-04-24,2027-10-11,58
SHP3262,PO2329,MV Horizon,2027-05-20,2025-02-22,2024-03-12,84
SHP3263,PO1791,MV Horizon,2026-03-28,2024-07-25,2024-03-01,85
SHP3264,PO1235,MV OceanStar,2023-07-08,2028-06-18,2028-01-04,43
SHP3265,PO1502,MV Titan,2027-01-14,2023-08-29,2025-03-07,52
SHP3266,PO2385,MV Titan,2026-04-29,2028-05-21,2027-03-07,71
SHP3267,PO2688,MV OceanStar,2023-02-25,2025-06-22,2024-06-28,64
SHP3268,PO1042,MV Titan,2023-08-13,2025-06-11,2027-07-12,44
SHP3269,PO2927,MV Horizon,2028-04-13,2024-08-10,2027-01-04,69
SHP3270,PO2646,MV Titan,2025-10-18,2028-01-04,2023-09-27,49
SHP3271,PO1439,MV Titan,2023-01-06,2024-02-03,2026-05-19,70
SHP3272,PO2981,MV OceanStar,2027-03-15,2024-05-11,2027-05-26,47
SHP3273,PO2383,MV Horizon,2023-05-08,2025-04-30,2027-08-15,86
SHP3274,PO2091,MV OceanStar,2024-07-07,2028-01-29,2023-07-02,94
SHP3275,PO1485,MV Titan,2023-04-28,2024-01-25,2027-11-12,66
SHP3276,PO1184,MV Horizon,2025-03-08,2024-05-06,2023-07-22,48
SHP3277,PO2647,MV Horizon,2024-10-21,2023-08-06,2024-07-30,55
SHP3278,PO1733,MV OceanStar,2028-06-09,2025-01-26,2023-09-24,74
SHP3279,PO1529,MV Titan,2025-05-09,2027-08-24,2026-10-04,92
SHP3280,PO1978,MV Titan,2025-05-01,2026-09-12,2024-12-18,43
SHP3281,PO1002,MV OceanStar,2025-05-18,2024-06-16,2025-07-07,92
SHP3282,PO1549,MV OceanStar,2023-06-29,2026-10-14,2027-12-11,67
SHP3283,PO1345,MV Titan,2026-10-22,2025-12-29,2023-03-14,49
SHP3284,PO1679,MV Horizon,2024-05-25,2023-03-02,2024-07-03,42
SHP3285,PO2987,MV Titan,2023-08-28,2026-02-25,2023-04-04,66
SHP3286,PO2187,MV Horizon,2028-05-14,2025-04-20,2023-03-07,71
SHP3287,PO2455,MV Titan,2024-11-14,2028-01-06,2023-11-11,75
SHP3288,PO1693,MV Horizon,2023-10-17,2024-02-03,2025-08-05,73
SHP3289,PO2878,MV Horizon,2024-07-26,2025-09-30,2028-06-05,58
SHP3290,PO2553,MV Horizon,2024-08-14,2025-04-13,2027-01-23,78
SHP3291,PO2454,MV Horizon,2024-04-13,2025-07-20,2026-06-12,54
SHP3292,PO2623,MV OceanStar,2026-03-31,2027-04-02,2023-04-30,46
SHP3293,PO2893,MV Horizon,2024-02-19,2027-11-05,2023-04-10,55
SHP3294,PO2022,MV OceanStar,2027-09-05,2024-11-30,2024-12-09,67
SHP3295,PO1656,MV OceanStar,2027-03-29,2027-10-01,2024-07-06,64
SHP3296,PO2861,MV Titan,2028-03-11,2025-08-29,2025-03-07,74
SHP3297,PO2547,MV Titan,2023-10-13,2026-01-27,2024-03-21,64
SHP3298,PO1540,MV Horizon,2024-09-20,2028-04-21,2025-03-20,64
SHP3299,PO2694,MV OceanStar,2024-11-05,2024-05-21,2025-07-05,85
SHP3300,PO2591,MV Horizon,2027-10-22,2026-08-07,2025-11-15,59
SHP3301,PO1233,MV OceanStar,2026-08-19,2024-01-06,2025-09-08,78
SHP3302,PO2214,MV Horizon,2023-01-20,2025-12-27,2024-05-04,49
SHP3303,PO2494,MV Titan,2023-09-11,2026-06-28,2028-06-24,87
SHP3304,PO1746,MV Titan,2027-05-12,2027-06-09,2024-06-23,60
SHP3305,PO1983,MV Titan,2026-02-02,2024-11-10,2026-03-13,63
SHP3306,PO1451,MV Horizon,2023-08-17,2026-04-13,2028-03-28,83
SHP3307,PO1350,MV Titan,2028-04-29,2026-05-20,2024-12-05,73
SHP3308,PO1214,MV Horizon,2024-12-18,2024-08-29,2027-01-21,88
SHP3309,PO2335,MV OceanStar,2026-01-25,2023-09-29,2025-07-19,51
SHP3310,PO1247,MV Horizon,2023-05-21,2026-01-07,2027-02-13,60
SHP3311,PO2801,MV Horizon,2027-12-05,2026-09-12,2025-11-14,41
SHP3312,PO1549,MV OceanStar,2024-06-08,2028-05-29,2023-07-16,42
SHP3313,PO2204,MV OceanStar,2025-08-22,2026-12-04,2024-10-14,72
SHP3314,PO2810,MV OceanStar,2028-01-20,2026-06-16,2024-12-28,53
SHP3315,PO1088,MV Titan,2027-12-28,2026-11-05,2026-03-21,61
SHP3316,PO1708,MV OceanStar,2024-10-13,2024-05-21,2027-04-11,66
SHP3317,PO1422,MV Titan,2027-10-19,2024-05-20,2026-04-12,54
SHP3318,PO2925,MV OceanStar,2023-05-12,2025-05-13,2023-10-11,78
SHP3319,PO2013,MV OceanStar,2024-07-22,2025-02-03,2026-05-23,80
SHP3320,PO2160,MV Horizon,2023-09-19,2024-07-13,2024-09-09,84
SHP3321,PO1436,MV OceanStar,2025-05-31,2024-12-23,2025-12-01,75
SHP3322,PO2505,MV Titan,2025-07-26,2024-11-21,2026-09-26,90
SHP3323,PO2651,MV Titan,2027-09-18,2026-02-03,2023-02-14,82
SHP3324,PO2998,MV Horizon,2028-06-06,2025-10-01,2026-05-02,80
SHP3325,PO2412,MV OceanStar,2023-03-24,2027-05-13,2028-05-20,54
SHP3326,PO2889,MV Titan,2026-07-09,2024-08-18,2026-11-26,63
SHP3327,PO1118,MV Horizon,2023-08-12,2026-11-21,2027-05-20,54
SHP3328,PO2612,MV Titan,2026-02-28,2024-02-12,2027-03-18,54
SHP3329,PO2701,MV Horizon,2027-04-17,2027-05-16,2025-05-11,84
SHP3330,PO1590,MV OceanStar,2024-11-27,2023-07-29,2028-02-01,71
SHP3331,PO2177,MV OceanStar,2026-07-08,2025-02-19,2027-09-16,80
SHP3332,PO1521,MV OceanStar,2026-01-17,2025-01-05,2023-08-25,88
SHP3333,PO2612,MV OceanStar,2025-04-06,2026-10-07,2028-03-31,56
SHP3334,PO1328,MV Horizon,2024-10-05,2028-03-16,2026-11-15,51
SHP3335,PO2424,MV Horizon,2024-04-11,2024-01-19,2024-01-18,61
SHP3336,PO2704,MV Titan,2023-04-25,2026-01-24,2023-05-22,88
SHP3337,PO1414,MV Titan,2026-01-07,2023-01-26,2026-10-17,71
SHP3338,PO2543,MV Titan,2027-05-02,2028-06-17,2025-03-27,63
SHP3339,PO1942,MV Titan,2023-04-15,2027-04-24,2023-08-05,52
SHP3340,PO2430,MV Horizon,2024-09-27,2025-01-18,2023-06-12,84
SHP3341,PO2362,MV Titan,2027-08-28,2027-11-29,2024-07-03,45
SHP3342,PO1413,MV Horizon,2024-11-24,2026-01-27,2028-05-01,46
SHP3343,PO2725,MV OceanStar,2024-08-17,2023-08-04,2025-05-09,65
SHP3344,PO2736,MV Titan,2026-06-21,2023-03-19,2023-03-03,50
SHP3345,PO1916,MV Titan,2027-05-18,2026-01-20,2025-04-16,77
SHP3346,PO1409,MV Horizon,2026-03-07,2025-10-15,2027-12-03,71
SHP3347,PO2932,MV OceanStar,2027-07-09,2026-02-02,2025-05-12,48
SHP3348,PO1084,MV Horizon,2023-11-02,2027-10-17,2024-06-01,80
SHP3349,PO2423,MV Titan,2025-05-28,2026-12-03,2027-06-10,80
SHP3350,PO2579,MV OceanStar,2028-05-11,2024-08-03,2027-08-17,83
SHP3351,PO1521,MV Titan,2027-07-01,2026-09-07,2024-05-07,41
SHP3352,PO1722,MV Titan,2026-06-14,2028-03-23,2025-06-02,67
SHP3353,PO2349,MV Horizon,2026-12-27,2026-10-03,2023-06-18,90
SHP3354,PO2673,MV Horizon,2024-03-12,2025-12-01,2024-11-06,69
SHP3355,PO2238,MV OceanStar,2026-07-26,2028-06-25,2027-07-20,75
SHP3356,PO1941,MV Titan,2023-12-22,2024-09-16,2028-06-16,67
SHP3357,PO1086,MV OceanStar,2027-12-02,2027-04-20,2026-04-30,56
SHP3358,PO2602,MV OceanStar,2025-06-04,2026-12-21,2025-07-10,64
SHP3359,PO2595,MV OceanStar,2028-04-11,2027-09-14,2024-02-23,49
SHP3360,PO2050,MV OceanStar,2023-08-10,2023-11-20,2024-03-01,85
SHP3361,PO2384,MV OceanStar,2023-06-14,2024-09-18,2028-05-12,52
SHP3362,PO2265,MV Titan,2026-01-09,2026-02-20,2027-10-18,54
SHP3363,PO2550,MV OceanStar,2027-12-14,2024-05-24,2027-11-21,59
SHP3364,PO1438,MV OceanStar,2025-12-11,2024-01-27,2027-01-12,49
SHP3365,PO2270,MV Horizon,2026-03-30,2023-12-23,2023-08-03,78
SHP3366,PO2579,MV Titan,2023-02-07,2024-06-18,2027-11-01,50
SHP3367,PO2833,MV Horizon,2025-02-25,2025-03-03,2023-09-06,48
SHP3368,PO2381,MV Horizon,2026-05-01,2026-07-31,2026-03-29,64
SHP3369,PO1722,MV Horizon,2027-08-30,2024-05-23,2026-10-14,51
SHP3370,PO1105,MV Horizon,2024-11-23,2026-07-11,2023-06-18,85
SHP3371,PO2203,MV Horizon,2025-03-28,2027-07-18,2026-12-16,47
SHP3372,PO2244,MV Titan,2023-11-01,2026-03-01,2028-03-10,53
SHP3373,PO1914,MV Titan,2027-04-18,2023-05-30,2023-07-31,56
SHP3374,PO2801,MV Horizon,2023-12-26,2026-09-05,2024-11-28,41
SHP3375,PO1654,MV Horizon,2025-06-07,2027-04-23,2025-04-04,58
SHP3376,PO2035,MV OceanStar,2024-09-21,2027-11-28,2026-07-15,68
SHP3377,PO1297,MV Titan,2027-04-08,2028-06-10,2025-05-14,80
SHP3378,PO1629,MV Titan,2024-09-10,2025-05-02,2027-02-24,85
SHP3379,PO1888,MV OceanStar,2026-07-23,2028-04-08,2025-02-25,85
SHP3380,PO1293,MV Titan,2024-07-01,2026-02-03,2027-11-27,79
SHP3381,PO1212,MV Horizon,2024-09-02,2024-08-24,2023-04-01,49
SHP3382,PO1623,MV Titan,2026-09-15,2023-01-31,2027-07-09,58
SHP3383,PO2383,MV Horizon,2027-07-18,2027-07-14,2026-08-25,49
SHP3384,PO1706,MV Titan,2025-10-03,2026-06-13,2023-05-23,86
SHP3385,PO2229,MV OceanStar,2023-07-31,2027-10-08,2023-04-05,51
SHP3386,PO1386,MV OceanStar,2024-02-09,2027-10-25,2024-07-30,85
SHP3387,PO2959,MV OceanStar,2025-05-10,2026-10-12,2025-05-04,81
SHP3388,PO2005,MV Horizon,2027-11-20,2027-08-31,2026-09-03,77
SHP3389,PO1096,MV OceanStar,2028-03-12,2024-04-03,2025-02-20,84
SHP3390,PO2025,MV OceanStar,2023-02-14,2023-03-06,2023-02-16,63
SHP3391,PO2235,MV Horizon,2027-04-30,2025-05-29,2028-04-15,89
SHP3392,PO2200,MV OceanStar,2023-11-10,2025-12-01,2025-02-02,42
SHP3393,PO2756,MV Titan,2027-12-07,2024-04-25,2024-06-06,79
SHP3394,PO2381,MV Horizon,2028-01-19,2025-05-25,2028-06-09,56
SHP3395,PO1905,MV Titan,2024-02-07,2026-01-28,2023-12-16,77
SHP3396,PO2841,MV OceanStar,2023-06-25,2025-08-31,2025-12-13,44
SHP3397,PO2912,MV Titan,2023-08-26,2027-11-14,2026-12-31,55
SHP3398,PO2851,MV Titan,2027-10-20,2027-05-06,2024-04-27,67
SHP3399,PO2682,MV Horizon,2024-07-02,2023-10-04,2028-05-02,90
SHP3400,PO1941,MV Titan,2026-04-21,2023-01-16,2027-01-16,72
SHP3401,PO1521,MV OceanStar,2023-10-02,2027-06-20,2025-10-13,50
SHP3402,PO2287,MV Horizon,2027-08-06,2027-12-31,2027-10-30,78
SHP3403,PO2694,MV Titan,2026-10-13,2028-04-14,2024-02-16,57
SHP3404,PO1043,MV Horizon,2026-06-20,2027-09-24,2024-08-12,52
SHP3405,PO1062,MV Horizon,2026-10-14,2024-02-14,2026-06-04,93
SHP3406,PO1720,MV Titan,2023-07-29,2025-04-23,2028-02-23,71
SHP3407,PO1312,MV Horizon,2025-06-11,2025-11-06,2027-10-09,89
SHP3408,PO2195,MV Horizon,2026-12-05,2024-12-06,2026-02-12,83
SHP3409,PO2842,MV Horizon,2026-09-28,2025-10-30,2027-12-10,93
SHP3410,PO2802,MV OceanStar,2026-04-16,2028-07-10,2023-04-03,56
SHP3411,PO2228,MV Titan,2024-08-27,2028-03-10,2024-02-23,90
SHP3412,PO2299,MV OceanStar,2025-11-25,2024-03-07,2025-07-07,81
SHP3413,PO2325,MV OceanStar,2026-04-28,2023-10-12,2023-10-30,54
SHP3414,PO1527,MV Titan,2023-01-30,2025-07-01,2027-09-13,69
SHP3415,PO1216,MV Titan,2024-02-21,2027-06-25,2028-01-23,90
SHP3416,PO2242,MV Horizon,2028-05-21,2028-03-30,2023-10-02,78
SHP3417,PO2856,MV Horizon,2024-07-17,2023-03-16,2025-01-22,40
SHP3418,PO1764,MV Titan,2027-04-26,2025-06-12,2028-03-14,70
SHP3419,PO2500,MV Titan,2023-07-07,2027-05-26,2027-09-11,43
SHP3420,PO1291,MV Horizon,2025-09-10,2028-03-23,2025-05-21,47
SHP3421,PO1014,MV Titan,2023-04-06,2025-06-29,2026-09-29,41
SHP3422,PO1921,MV Titan,2026-10-30,2027-03-21,2025-12-21,43
SHP3423,PO1255,MV Horizon,2027-07-16,2024-09-05,2024-07-05,94
SHP3424,PO2140,MV Horizon,2025-01-08,2027-01-29,2026-07-21,54
SHP3425,PO1646,MV Horizon,2028-04-19,2023-12-16,2024-11-08,80
SHP3426,PO1917,MV Titan,2023-01-29,2023-10-23,2023-12-22,71
SHP3427,PO1176,MV Titan,2027-05-21,2023-08-03,2023-10-17,85
SHP3428,PO1177,MV Horizon,2028-01-11,2027-03-07,2023-11-27,94
SHP3429,PO1681,MV Horizon,2024-05-11,2024-12-04,2026-03-18,59
SHP3430,PO1076,MV OceanStar,2023-03-05,2023-06-12,2027-04-19,91
SHP3431,PO1489,MV Titan,2024-08-20,2023-07-16,2026-11-26,82
SHP3432,PO1763,MV OceanStar,2024-06-30,2023-08-13,2024-08-11,83
SHP3433,PO1158,MV Titan,2026-06-17,2027-09-06,2024-06-22,72
SHP3434,PO1811,MV Horizon,2025-10-01,2023-06-21,2027-10-03,63
SHP3435,PO2217,MV Horizon,2025-10-20,2025-05-20,2023-05-29,64
SHP3436,PO1049,MV OceanStar,2027-06-22,2025-04-18,2023-03-04,80
SHP3437,PO2751,MV Horizon,2023-02-05,2025-12-16,2023-04-12,82
SHP3438,PO1617,MV OceanStar,2025-08-14,2024-03-13,2024-02-01,41
SHP3439,PO1269,MV OceanStar,2023-04-11,2024-06-06,2024-01-16,59
SHP3440,PO2613,MV Horizon,2026-09-20,2023-09-27,2024-08-23,47
SHP3441,PO1369,MV Horizon,2023-07-26,2026-06-25,2025-05-18,42
SHP3442,PO2734,MV Horizon,2026-10-06,2028-01-15,2027-10-14,61
SHP3443,PO1574,MV OceanStar,2028-01-09,2024-03-02,2028-07-17,62
SHP3444,PO1526,MV Titan,2027-05-15,2024-12-03,2027-06-18,72
SHP3445,PO2440,MV Titan,2024-11-20,2026-11-25,2027-02-18,82
SHP3446,PO1444,MV Horizon,2027-06-29,2027-05-31,2026-11-21,73
SHP3447,PO2531,MV Titan,2024-09-17,2023-03-06,2027-06-10,69
SHP3448,PO2722,MV Horizon,2027-10-06,2027-04-05,2027-05-02,72
SHP3449,PO2371,MV Titan,2026-02-05,2024-11-16,2025-10-08,88
SHP3450,PO2117,MV OceanStar,2026-05-27,2026-01-08,2023-02-14,63
SHP3451,PO1188,MV Titan,2025-02-05,2024-02-18,2024-09-01,80
SHP3452,PO1905,MV OceanStar,2025-04-19,2023-12-02,2027-08-09,53
SHP3453,PO2377,MV OceanStar,2024-06-22,2027-05-13,2026-06-15,66
SHP3454,PO2891,MV OceanStar,2027-11-15,2026-05-26,2025-07-12,63
SHP3455,PO2958,MV Horizon,2023-03-06,2025-12-04,2026-01-31,79
SHP3456,PO1674,MV OceanStar,2023-05-28,2027-07-05,2024-05-18,67
SHP3457,PO1876,MV Titan,2024-03-02,2026-05-17,2023-08-30,48
SHP3458,PO2776,MV OceanStar,2027-03-23,2024-10-11,2027-06-30,94
SHP3459,PO1923,MV OceanStar,2027-06-18,2023-02-16,2027-09-13,85
SHP3460,PO1710,MV OceanStar,2024-12-13,2023-11-04,2027-08-03,84
SHP3461,PO2848,MV OceanStar,2026-08-30,2023-03-16,2026-03-04,79
SHP3462,PO1855,MV Horizon,2024-09-23,2025-10-10,2027-10-02,72
SHP3463,PO1434,MV OceanStar,2023-12-16,2028-05-13,2024-11-18,84
SHP3464,PO2608,MV Horizon,2027-05-07,2025-08-18,2024-09-30,78
SHP3465,PO2542,MV Horizon,2025-04-16,2024-05-10,2023-02-07,84
SHP3466,PO1120,MV OceanStar,2024-02-24,2023-09-06,2024-02-15,47
SHP3467,PO1953,MV Titan,2026-07-28,2027-05-27,2024-06-06,40
SHP3468,PO1268,MV OceanStar,2024-03-25,2023-04-15,2025-05-29,60
SHP3469,PO1764,MV Titan,2028-04-06,2024-10-07,2025-10-21,79
SHP3470,PO1548,MV Titan,2026-05-09,2026-07-14,2026-08-19,64
SHP3471,PO1613,MV Titan,2023-03-26,2024-10-15,2025-09-25,67
SHP3472,PO1890,MV Titan,2028-02-05,2026-06-11,2025-02-12,90
SHP3473,PO1300,MV Horizon,2026-11-17,2028-03-06,2027-03-08,87
SHP3474,PO2086,MV Titan,2026-05-28,2026-12-08,2023-03-01,74
SHP3475,PO1056,MV Horizon,2024-10-01,2024-09-17,2023-02-07,75
SHP3476,PO2508,MV Horizon,2023-05-16,2026-01-25,2027-04-29,65
SHP3477,PO1140,MV Titan,2027-07-12,2025-02-01,2025-02-18,64
SHP3478,PO2422,MV Titan,2024-08-21,2025-11-10,2023-11-21,77
SHP3479,PO1863,MV Titan,2023-09-23,2025-07-02,2024-01-11,85
SHP3480,PO1858,MV Titan,2026-07-25,2024-08-08,2028-01-30,52
SHP3481,PO1505,MV Horizon,2024-04-14,2024-02-05,2027-03-16,84
SHP3482,PO2651,MV OceanStar,2025-07-18,2026-05-22,2025-11-07,86
SHP3483,PO1366,MV OceanStar,2026-05-29,2025-10-18,2027-10-04,81
SHP3484,PO1959,MV OceanStar,2025-11-21,2027-11-19,2025-03-16,64
SHP3485,PO1648,MV Titan,2025-01-25,2023-11-04,2027-05-13,89
SHP3486,PO1217,MV OceanStar,2025-10-10,2023-12-06,2024-10-09,58
SHP3487,PO1658,MV Horizon,2024-04-09,2026-02-26,2024-02-18,73
SHP3488,PO2992,MV Titan,2027-12-22,2027-07-16,2025-12-19,70
SHP3489,PO1204,MV OceanStar,2024-07-18,2028-04-27,2025-02-12,78
SHP3490,PO2964,MV Titan,2026-06-11,2027-02-10,2027-01-25,83
SHP3491,PO1714,MV OceanStar,2024-05-21,2026-01-20,2024-12-25,67
SHP3492,PO2487,MV Titan,2023-02-01,2026-07-26,2024-04-27,57
SHP3493,PO2614,MV Horizon,2027-01-17,2025-11-10,2024-06-01,71
SHP3494,PO1497,MV Titan,2025-08-30,2026-05-30,2024-06-12,77
SHP3495,PO2034,MV OceanStar,2023-11-03,2028-06-03,2025-05-10,87
SHP3496,PO1124,MV Horizon,2027-02-25,2026-11-22,2023-10-05,51
SHP3497,PO2744,MV Horizon,2026-01-06,2024-06-25,2024-09-14,42
SHP3498,PO1842,MV Titan,2025-04-02,2023-02-27,2025-07-17,68
SHP3499,PO1900,MV Horizon,2027-10-17,2026-11-20,2027-03-01,48
