production_order_id,supplier_id,supplier_name,material_id,material_name,required_qty,production_date
PROD500,SUP003,CoreSteel,MAT101,Steel Rod,86,2024-01-01
PROD501,SUP001,AlphaSteel,MAT103,Steel Bar,84,2024-01-02
PROD502,SUP003,CoreSteel,MAT102,Steel Plate,40,2024-01-03
PROD503,SUP001,AlphaSteel,MAT102,Steel Plate,77,2024-01-04
PROD504,SUP005,PrimeSteel,MAT101,Steel Rod,80,2024-01-05
PROD505,SUP005,PrimeSteel,MAT100,Steel Coil,36,2024-01-06
PROD506,SUP004,DeltaIron,MAT104,Steel Sheet,12,2024-01-07
PROD507,SUP001,AlphaSteel,MAT103,Steel Bar,68,2024-01-08
PROD508,SUP002,BetaMetals,MAT100,Steel Coil,24,2024-01-09
PROD509,SUP001,AlphaSteel,MAT101,Steel Rod,11,2024-01-10
PROD510,SUP001,AlphaSteel,MAT104,Steel Sheet,34,2024-01-11
PROD511,SUP004,DeltaIron,MAT102,Steel Plate,93,2024-01-12
PROD512,SUP004,DeltaIron,MAT100,Steel Coil,39,2024-01-13
PROD513,SUP005,PrimeSteel,MAT101,Steel Rod,12,2024-01-14
PROD514,SUP003,CoreSteel,MAT100,Steel Coil,46,2024-01-15
PROD515,SUP005,PrimeSteel,MAT102,Steel Plate,52,2024-01-16
PROD516,SUP005,PrimeSteel,MAT100,Steel Coil,70,2024-01-17
PROD517,SUP005,PrimeSteel,MAT104,Steel Sheet,12,2024-01-18
PROD518,SUP004,DeltaIron,MAT101,Steel Rod,34,2024-01-19
PROD519,SUP002,BetaMetals,MAT104,Steel Sheet,96,2024-01-20
PROD520,SUP005,PrimeSteel,MAT104,Steel Sheet,99,2024-01-21
PROD521,SUP003,CoreSteel,MAT103,Steel Bar,43,2024-01-22
PROD522,SUP003,CoreSteel,MAT101,Steel Rod,36,2024-01-23
PROD523,SUP002,BetaMetals,MAT100,Steel Coil,39,2024-01-24
PROD524,SUP002,BetaMetals,MAT101,Steel Rod,21,2024-01-25
PROD525,SUP002,BetaMetals,MAT102,Steel Plate,43,2024-01-26
PROD526,SUP002,BetaMetals,MAT103,Steel Bar,36,2024-01-27
PROD527,SUP005,PrimeSteel,MAT104,Steel Sheet,60,2024-01-28
PROD528,SUP002,BetaMetals,MAT104,Steel Sheet,64,2024-01-29
PROD529,SUP001,AlphaSteel,MAT102,Steel Plate,65,2024-01-30
PROD530,SUP003,CoreSteel,MAT102,Steel Plate,96,2024-01-31
PROD531,SUP005,PrimeSteel,MAT102,Steel Plate,77,2024-02-01
PROD532,SUP003,CoreSteel,MAT100,Steel Coil,39,2024-02-02
PROD533,SUP001,AlphaSteel,MAT104,Steel Sheet,12,2024-02-03
PROD534,SUP003,CoreSteel,MAT103,Steel Bar,53,2024-02-04
PROD535,SUP002,BetaMetals,MAT102,Steel Plate,19,2024-02-05
PROD536,SUP003,CoreSteel,MAT101,Steel Rod,23,2024-02-06
PROD537,SUP001,AlphaSteel,MAT103,Steel Bar,11,2024-02-07
PROD538,SUP001,AlphaSteel,MAT102,Steel Plate,32,2024-02-08
PROD539,SUP005,PrimeSteel,MAT103,Steel Bar,19,2024-02-09
PROD540,SUP002,BetaMetals,MAT100,Steel Coil,40,2024-02-10
PROD541,SUP004,DeltaIron,MAT104,Steel Sheet,59,2024-02-11
PROD542,SUP004,DeltaIron,MAT103,Steel Bar,87,2024-02-12
PROD543,SUP005,PrimeSteel,MAT101,Steel Rod,52,2024-02-13
PROD544,SUP001,AlphaSteel,MAT103,Steel Bar,57,2024-02-14
PROD545,SUP005,PrimeSteel,MAT102,Steel Plate,92,2024-02-15
PROD546,SUP005,PrimeSteel,MAT101,Steel Rod,42,2024-02-16
PROD547,SUP001,AlphaSteel,MAT101,Steel Rod,92,2024-02-17
PROD548,SUP004,DeltaIron,MAT103,Steel Bar,57,2024-02-18
PROD549,SUP003,CoreSteel,MAT100,Steel Coil,22,2024-02-19
PROD550,SUP001,AlphaSteel,MAT102,Steel Plate,55,2024-02-20
PROD551,SUP002,BetaMetals,MAT100,Steel Coil,80,2024-02-21
PROD552,SUP005,PrimeSteel,MAT104,Steel Sheet,91,2024-02-22
PROD553,SUP005,PrimeSteel,MAT101,Steel Rod,68,2024-02-23
PROD554,SUP004,DeltaIron,MAT101,Steel Rod,65,2024-02-24
PROD555,SUP002,BetaMetals,MAT101,Steel Rod,27,2024-02-25
PROD556,SUP004,DeltaIron,MAT100,Steel Coil,34,2024-02-26
PROD557,SUP001,AlphaSteel,MAT100,Steel Coil,74,2024-02-27
PROD558,SUP003,CoreSteel,MAT100,Steel Coil,46,2024-02-28
PROD559,SUP005,PrimeSteel,MAT103,Steel Bar,72,2024-02-29
PROD560,SUP003,CoreSteel,MAT101,Steel Rod,90,2024-03-01
PROD561,SUP002,BetaMetals,MAT102,Steel Plate,65,2024-03-02
PROD562,SUP002,BetaMetals,MAT101,Steel Rod,30,2024-03-03
PROD563,SUP003,CoreSteel,MAT101,Steel Rod,41,2024-03-04
PROD564,SUP003,CoreSteel,MAT102,Steel Plate,20,2024-03-05
PROD565,SUP001,AlphaSteel,MAT102,Steel Plate,51,2024-03-06
PROD566,SUP001,AlphaSteel,MAT101,Steel Rod,89,2024-03-07
PROD567,SUP003,CoreSteel,MAT101,Steel Rod,88,2024-03-08
PROD568,SUP001,AlphaSteel,MAT100,Steel Coil,85,2024-03-09
PROD569,SUP002,BetaMetals,MAT101,Steel Rod,42,2024-03-10
PROD570,SUP005,PrimeSteel,MAT102,Steel Plate,71,2024-03-11
PROD571,SUP001,AlphaSteel,MAT102,Steel Plate,40,2024-03-12
PROD572,SUP002,BetaMetals,MAT100,Steel Coil,81,2024-03-13
PROD573,SUP003,CoreSteel,MAT101,Steel Rod,64,2024-03-14
PROD574,SUP003,CoreSteel,MAT101,Steel Rod,87,2024-03-15
PROD575,SUP002,BetaMetals,MAT102,Steel Plate,64,2024-03-16
PROD576,SUP002,BetaMetals,MAT101,Steel Rod,17,2024-03-17
PROD577,SUP002,BetaMetals,MAT104,Steel Sheet,98,2024-03-18
PROD578,SUP003,CoreSteel,MAT104,Steel Sheet,51,2024-03-19
PROD579,SUP002,BetaMetals,MAT101,Steel Rod,75,2024-03-20
PROD580,SUP002,BetaMetals,MAT100,Steel Coil,37,2024-03-21
PROD581,SUP005,PrimeSteel,MAT102,Steel Plate,89,2024-03-22
PROD582,SUP004,DeltaIron,MAT103,Steel Bar,80,2024-03-23
PROD583,SUP003,CoreSteel,MAT101,Steel Rod,37,2024-03-24
PROD584,SUP003,CoreSteel,MAT103,Steel Bar,12,2024-03-25
PROD585,SUP001,AlphaSteel,MAT103,Steel Bar,33,2024-03-26
PROD586,SUP003,CoreSteel,MAT100,Steel Coil,57,2024-03-27
PROD587,SUP003,CoreSteel,MAT103,Steel Bar,70,2024-03-28
PROD588,SUP004,DeltaIron,MAT104,Steel Sheet,89,2024-03-29
PROD589,SUP003,CoreSteel,MAT100,Steel Coil,10,2024-03-30
PROD590,SUP002,BetaMetals,MAT101,Steel Rod,47,2024-03-31
PROD591,SUP005,PrimeSteel,MAT104,Steel Sheet,93,2024-04-01
PROD592,SUP004,DeltaIron,MAT101,Steel Rod,82,2024-04-02
PROD593,SUP005,PrimeSteel,MAT103,Steel Bar,80,2024-04-03
PROD594,SUP004,DeltaIron,MAT104,Steel Sheet,64,2024-04-04
PROD595,SUP004,DeltaIron,MAT103,Steel Bar,20,2024-04-05
PROD596,SUP003,CoreSteel,MAT104,Steel Sheet,31,2024-04-06
PROD597,SUP001,AlphaSteel,MAT101,Steel Rod,64,2024-04-07
PROD598,SUP004,DeltaIron,MAT100,Steel Coil,78,2024-04-08
PROD599,SUP005,PrimeSteel,MAT101,Steel Rod,19,2024-04-09
PROD600,SUP005,PrimeSteel,MAT104,Steel Sheet,78,2024-04-10
PROD601,SUP004,DeltaIron,MAT100,Steel Coil,17,2024-04-11
PROD602,SUP005,PrimeSteel,MAT103,Steel Bar,24,2024-04-12
PROD603,SUP003,CoreSteel,MAT100,Steel Coil,58,2024-04-13
PROD604,SUP005,PrimeSteel,MAT100,Steel Coil,52,2024-04-14
PROD605,SUP005,PrimeSteel,MAT100,Steel Coil,63,2024-04-15
PROD606,SUP005,PrimeSteel,MAT102,Steel Plate,64,2024-04-16
PROD607,SUP002,BetaMetals,MAT100,Steel Coil,97,2024-04-17
PROD608,SUP001,AlphaSteel,MAT104,Steel Sheet,96,2024-04-18
PROD609,SUP001,AlphaSteel,MAT102,Steel Plate,66,2024-04-19
PROD610,SUP004,DeltaIron,MAT103,Steel Bar,94,2024-04-20
PROD611,SUP003,CoreSteel,MAT104,Steel Sheet,64,2024-04-21
PROD612,SUP003,CoreSteel,MAT102,Steel Plate,97,2024-04-22
PROD613,SUP001,AlphaSteel,MAT104,Steel Sheet,30,2024-04-23
PROD614,SUP003,CoreSteel,MAT101,Steel Rod,70,2024-04-24
PROD615,SUP005,PrimeSteel,MAT101,Steel Rod,33,2024-04-25
PROD616,SUP005,PrimeSteel,MAT102,Steel Plate,58,2024-04-26
PROD617,SUP001,AlphaSteel,MAT100,Steel Coil,10,2024-04-27
PROD618,SUP001,AlphaSteel,MAT103,Steel Bar,98,2024-04-28
PROD619,SUP001,AlphaSteel,MAT104,Steel Sheet,21,2024-04-29
PROD620,SUP005,PrimeSteel,MAT103,Steel Bar,10,2024-04-30
PROD621,SUP003,CoreSteel,MAT100,Steel Coil,80,2024-05-01
PROD622,SUP001,AlphaSteel,MAT102,Steel Plate,33,2024-05-02
PROD623,SUP002,BetaMetals,MAT100,Steel Coil,36,2024-05-03
PROD624,SUP005,PrimeSteel,MAT103,Steel Bar,91,2024-05-04
PROD625,SUP002,BetaMetals,MAT103,Steel Bar,61,2024-05-05
PROD626,SUP003,CoreSteel,MAT103,Steel Bar,75,2024-05-06
PROD627,SUP004,DeltaIron,MAT104,Steel Sheet,37,2024-05-07
PROD628,SUP003,CoreSteel,MAT102,Steel Plate,41,2024-05-08
PROD629,SUP003,CoreSteel,MAT102,Steel Plate,10,2024-05-09
PROD630,SUP001,AlphaSteel,MAT101,Steel Rod,49,2024-05-10
PROD631,SUP001,AlphaSteel,MAT103,Steel Bar,72,2024-05-11
PROD632,SUP001,AlphaSteel,MAT101,Steel Rod,95,2024-05-12
PROD633,SUP004,DeltaIron,MAT100,Steel Coil,89,2024-05-13
PROD634,SUP004,DeltaIron,MAT103,Steel Bar,11,2024-05-14
PROD635,SUP004,DeltaIron,MAT100,Steel Coil,20,2024-05-15
PROD636,SUP001,AlphaSteel,MAT102,Steel Plate,32,2024-05-16
PROD637,SUP003,CoreSteel,MAT104,Steel Sheet,33,2024-05-17
PROD638,SUP005,PrimeSteel,MAT100,Steel Coil,44,2024-05-18
PROD639,SUP001,AlphaSteel,MAT100,Steel Coil,61,2024-05-19
PROD640,SUP004,DeltaIron,MAT101,Steel Rod,55,2024-05-20
PROD641,SUP002,BetaMetals,MAT104,Steel Sheet,37,2024-05-21
PROD642,SUP001,AlphaSteel,MAT101,Steel Rod,68,2024-05-22
PROD643,SUP005,PrimeSteel,MAT103,Steel Bar,30,2024-05-23
PROD644,SUP002,BetaMetals,MAT103,Steel Bar,19,2024-05-24
PROD645,SUP005,PrimeSteel,MAT102,Steel Plate,28,2024-05-25
PROD646,SUP002,BetaMetals,MAT104,Steel Sheet,52,2024-05-26
PROD647,SUP003,CoreSteel,MAT104,Steel Sheet,11,2024-05-27
PROD648,SUP005,PrimeSteel,MAT102,Steel Plate,66,2024-05-28
PROD649,SUP001,AlphaSteel,MAT101,Steel Rod,27,2024-05-29
PROD650,SUP002,BetaMetals,MAT101,Steel Rod,17,2024-05-30
PROD651,SUP002,BetaMetals,MAT101,Steel Rod,74,2024-05-31
PROD652,SUP001,AlphaSteel,MAT101,Steel Rod,80,2024-06-01
PROD653,SUP001,AlphaSteel,MAT100,Steel Coil,66,2024-06-02
PROD654,SUP004,DeltaIron,MAT103,Steel Bar,29,2024-06-03
PROD655,SUP004,DeltaIron,MAT103,Steel Bar,52,2024-06-04
PROD656,SUP001,AlphaSteel,MAT102,Steel Plate,76,2024-06-05
PROD657,SUP003,CoreSteel,MAT100,Steel Coil,63,2024-06-06
PROD658,SUP005,PrimeSteel,MAT103,Steel Bar,67,2024-06-07
PROD659,SUP005,PrimeSteel,MAT102,Steel Plate,36,2024-06-08
PROD660,SUP001,AlphaSteel,MAT104,Steel Sheet,62,2024-06-09
PROD661,SUP005,PrimeSteel,MAT104,Steel Sheet,70,2024-06-10
PROD662,SUP001,AlphaSteel,MAT101,Steel Rod,11,2024-06-11
PROD663,SUP003,CoreSteel,MAT100,Steel Coil,24,2024-06-12
PROD664,SUP005,PrimeSteel,MAT103,Steel Bar,86,2024-06-13
PROD665,SUP002,BetaMetals,MAT101,Steel Rod,49,2024-06-14
PROD666,SUP004,DeltaIron,MAT102,Steel Plate,59,2024-06-15
PROD667,SUP001,AlphaSteel,MAT104,Steel Sheet,23,2024-06-16
PROD668,SUP001,AlphaSteel,MAT102,Steel Plate,82,2024-06-17
PROD669,SUP002,BetaMetals,MAT104,Steel Sheet,18,2024-06-18
PROD670,SUP003,CoreSteel,MAT104,Steel Sheet,47,2024-06-19
PROD671,SUP004,DeltaIron,MAT104,Steel Sheet,77,2024-06-20
PROD672,SUP003,CoreSteel,MAT104,Steel Sheet,21,2024-06-21
PROD673,SUP003,CoreSteel,MAT100,Steel Coil,10,2024-06-22
PROD674,SUP002,BetaMetals,MAT103,Steel Bar,28,2024-06-23
PROD675,SUP001,AlphaSteel,MAT104,Steel Sheet,93,2024-06-24
PROD676,SUP003,CoreSteel,MAT103,Steel Bar,17,2024-06-25
PROD677,SUP003,CoreSteel,MAT101,Steel Rod,95,2024-06-26
PROD678,SUP005,PrimeSteel,MAT101,Steel Rod,29,2024-06-27
PROD679,SUP003,CoreSteel,MAT104,Steel Sheet,41,2024-06-28
PROD680,SUP001,AlphaSteel,MAT101,Steel Rod,32,2024-06-29
PROD681,SUP004,DeltaIron,MAT100,Steel Coil,31,2024-06-30
PROD682,SUP005,PrimeSteel,MAT100,Steel Coil,85,2024-07-01
PROD683,SUP002,BetaMetals,MAT100,Steel Coil,54,2024-07-02
PROD684,SUP002,BetaMetals,MAT100,Steel Coil,11,2024-07-03
PROD685,SUP003,CoreSteel,MAT100,Steel Coil,82,2024-07-04
PROD686,SUP003,CoreSteel,MAT104,Steel Sheet,18,2024-07-05
PROD687,SUP005,PrimeSteel,MAT101,Steel Rod,89,2024-07-06
PROD688,SUP005,PrimeSteel,MAT101,Steel Rod,87,2024-07-07
PROD689,SUP001,AlphaSteel,MAT101,Steel Rod,25,2024-07-08
PROD690,SUP004,DeltaIron,MAT104,Steel Sheet,26,2024-07-09
PROD691,SUP005,PrimeSteel,MAT102,Steel Plate,41,2024-07-10
PROD692,SUP005,PrimeSteel,MAT103,Steel Bar,97,2024-07-11
PROD693,SUP004,DeltaIron,MAT104,Steel Sheet,11,2024-07-12
PROD694,SUP004,DeltaIron,MAT104,Steel Sheet,63,2024-07-13
PROD695,SUP001,AlphaSteel,MAT100,Steel Coil,76,2024-07-14
PROD696,SUP003,CoreSteel,MAT102,Steel Plate,20,2024-07-15
PROD697,SUP003,CoreSteel,MAT101,Steel Rod,76,2024-07-16
PROD698,SUP005,PrimeSteel,MAT101,Steel Rod,93,2024-07-17
PROD699,SUP001,AlphaSteel,MAT104,Steel Sheet,74,2024-07-18
PROD700,SUP002,BetaMetals,MAT102,Steel Plate,95,2024-07-19
PROD701,SUP004,DeltaIron,MAT100,Steel Coil,70,2024-07-20
PROD702,SUP005,PrimeSteel,MAT102,Steel Plate,44,2024-07-21
PROD703,SUP001,AlphaSteel,MAT103,Steel Bar,48,2024-07-22
PROD704,SUP004,DeltaIron,MAT103,Steel Bar,63,2024-07-23
PROD705,SUP002,BetaMetals,MAT104,Steel Sheet,77,2024-07-24
PROD706,SUP003,CoreSteel,MAT101,Steel Rod,49,2024-07-25
PROD707,SUP005,PrimeSteel,MAT103,Steel Bar,16,2024-07-26
PROD708,SUP002,BetaMetals,MAT104,Steel Sheet,97,2024-07-27
PROD709,SUP005,PrimeSteel,MAT103,Steel Bar,20,2024-07-28
PROD710,SUP002,BetaMetals,MAT100,Steel Coil,28,2024-07-29
PROD711,SUP003,CoreSteel,MAT100,Steel Coil,67,2024-07-30
PROD712,SUP003,CoreSteel,MAT102,Steel Plate,13,2024-07-31
PROD713,SUP003,CoreSteel,MAT103,Steel Bar,75,2024-08-01
PROD714,SUP003,CoreSteel,MAT102,Steel Plate,46,2024-08-02
PROD715,SUP005,PrimeSteel,MAT103,Steel Bar,89,2024-08-03
PROD716,SUP002,BetaMetals,MAT102,Steel Plate,20,2024-08-04
PROD717,SUP003,CoreSteel,MAT103,Steel Bar,21,2024-08-05
PROD718,SUP004,DeltaIron,MAT104,Steel Sheet,55,2024-08-06
PROD719,SUP002,BetaMetals,MAT102,Steel Plate,83,2024-08-07
PROD720,SUP005,PrimeSteel,MAT101,Steel Rod,16,2024-08-08
PROD721,SUP002,BetaMetals,MAT103,Steel Bar,59,2024-08-09
PROD722,SUP004,DeltaIron,MAT100,Steel Coil,70,2024-08-10
PROD723,SUP005,PrimeSteel,MAT102,Steel Plate,89,2024-08-11
PROD724,SUP005,PrimeSteel,MAT103,Steel Bar,52,2024-08-12
PROD725,SUP002,BetaMetals,MAT103,Steel Bar,16,2024-08-13
PROD726,SUP002,BetaMetals,MAT100,Steel Coil,54,2024-08-14
PROD727,SUP001,AlphaSteel,MAT103,Steel Bar,90,2024-08-15
PROD728,SUP002,BetaMetals,MAT100,Steel Coil,26,2024-08-16
PROD729,SUP003,CoreSteel,MAT102,Steel Plate,60,2024-08-17
PROD730,SUP004,DeltaIron,MAT103,Steel Bar,81,2024-08-18
PROD731,SUP001,AlphaSteel,MAT103,Steel Bar,67,2024-08-19
PROD732,SUP002,BetaMetals,MAT104,Steel Sheet,63,2024-08-20
PROD733,SUP001,AlphaSteel,MAT100,Steel Coil,38,2024-08-21
PROD734,SUP004,DeltaIron,MAT102,Steel Plate,20,2024-08-22
PROD735,SUP001,AlphaSteel,MAT103,Steel Bar,33,2024-08-23
PROD736,SUP005,PrimeSteel,MAT102,Steel Plate,72,2024-08-24
PROD737,SUP003,CoreSteel,MAT100,Steel Coil,98,2024-08-25
PROD738,SUP002,BetaMetals,MAT104,Steel Sheet,48,2024-08-26
PROD739,SUP005,PrimeSteel,MAT102,Steel Plate,17,2024-08-27
PROD740,SUP005,PrimeSteel,MAT103,Steel Bar,62,2024-08-28
PROD741,SUP005,PrimeSteel,MAT100,Steel Coil,75,2024-08-29
PROD742,SUP001,AlphaSteel,MAT103,Steel Bar,71,2024-08-30
PROD743,SUP004,DeltaIron,MAT102,Steel Plate,12,2024-08-31
PROD744,SUP004,DeltaIron,MAT101,Steel Rod,96,2024-09-01
PROD745,SUP001,AlphaSteel,MAT104,Steel Sheet,49,2024-09-02
PROD746,SUP003,CoreSteel,MAT102,Steel Plate,73,2024-09-03
PROD747,SUP004,DeltaIron,MAT100,Steel Coil,50,2024-09-04
PROD748,SUP004,DeltaIron,MAT101,Steel Rod,88,2024-09-05
PROD749,SUP004,DeltaIron,MAT104,Steel Sheet,96,2024-09-06
PROD750,SUP001,AlphaSteel,MAT104,Steel Sheet,14,2024-09-07
PROD751,SUP001,AlphaSteel,MAT101,Steel Rod,21,2024-09-08
PROD752,SUP003,CoreSteel,MAT102,Steel Plate,52,2024-09-09
PROD753,SUP002,BetaMetals,MAT103,Steel Bar,35,2024-09-10
PROD754,SUP002,BetaMetals,MAT103,Steel Bar,19,2024-09-11
PROD755,SUP003,CoreSteel,MAT102,Steel Plate,59,2024-09-12
PROD756,SUP005,PrimeSteel,MAT101,Steel Rod,99,2024-09-13
PROD757,SUP003,CoreSteel,MAT104,Steel Sheet,86,2024-09-14
PROD758,SUP001,AlphaSteel,MAT101,Steel Rod,48,2024-09-15
PROD759,SUP003,CoreSteel,MAT104,Steel Sheet,59,2024-09-16
PROD760,SUP004,DeltaIron,MAT103,Steel Bar,45,2024-09-17
PROD761,SUP002,BetaMetals,MAT101,Steel Rod,67,2024-09-18
PROD762,SUP005,PrimeSteel,MAT104,Steel Sheet,64,2024-09-19
PROD763,SUP003,CoreSteel,MAT103,Steel Bar,60,2024-09-20
PROD764,SUP004,DeltaIron,MAT102,Steel Plate,33,2024-09-21
PROD765,SUP002,BetaMetals,MAT101,Steel Rod,53,2024-09-22
PROD766,SUP005,PrimeSteel,MAT101,Steel Rod,40,2024-09-23
PROD767,SUP005,PrimeSteel,MAT104,Steel Sheet,13,2024-09-24
PROD768,SUP002,BetaMetals,MAT101,Steel Rod,71,2024-09-25
PROD769,SUP003,CoreSteel,MAT103,Steel Bar,33,2024-09-26
PROD770,SUP003,CoreSteel,MAT100,Steel Coil,13,2024-09-27
PROD771,SUP003,CoreSteel,MAT102,Steel Plate,63,2024-09-28
PROD772,SUP001,AlphaSteel,MAT104,Steel Sheet,22,2024-09-29
PROD773,SUP003,CoreSteel,MAT101,Steel Rod,84,2024-09-30
PROD774,SUP001,AlphaSteel,MAT100,Steel Coil,67,2024-10-01
PROD775,SUP003,CoreSteel,MAT101,Steel Rod,69,2024-10-02
PROD776,SUP001,AlphaSteel,MAT101,Steel Rod,43,2024-10-03
PROD777,SUP005,PrimeSteel,MAT101,Steel Rod,99,2024-10-04
PROD778,SUP001,AlphaSteel,MAT103,Steel Bar,56,2024-10-05
PROD779,SUP001,AlphaSteel,MAT103,Steel Bar,19,2024-10-06
PROD780,SUP005,PrimeSteel,MAT101,Steel Rod,14,2024-10-07
PROD781,SUP003,CoreSteel,MAT100,Steel Coil,70,2024-10-08
PROD782,SUP004,DeltaIron,MAT104,Steel Sheet,41,2024-10-09
PROD783,SUP005,PrimeSteel,MAT102,Steel Plate,10,2024-10-10
PROD784,SUP001,AlphaSteel,MAT100,Steel Coil,98,2024-10-11
PROD785,SUP004,DeltaIron,MAT104,Steel Sheet,17,2024-10-12
PROD786,SUP003,CoreSteel,MAT102,Steel Plate,23,2024-10-13
PROD787,SUP003,CoreSteel,MAT102,Steel Plate,21,2024-10-14
PROD788,SUP003,CoreSteel,MAT100,Steel Coil,55,2024-10-15
PROD789,SUP005,PrimeSteel,MAT103,Steel Bar,73,2024-10-16
PROD790,SUP004,DeltaIron,MAT100,Steel Coil,95,2024-10-17
PROD791,SUP005,PrimeSteel,MAT102,Steel Plate,79,2024-10-18
PROD792,SUP001,AlphaSteel,MAT100,Steel Coil,40,2024-10-19
PROD793,SUP002,BetaMetals,MAT103,Steel Bar,78,2024-10-20
PROD794,SUP003,CoreSteel,MAT100,Steel Coil,77,2024-10-21
PROD795,SUP003,CoreSteel,MAT102,Steel Plate,79,2024-10-22
PROD796,SUP002,BetaMetals,MAT100,Steel Coil,66,2024-10-23
PROD797,SUP004,DeltaIron,MAT104,Steel Sheet,85,2024-10-24
PROD798,SUP005,PrimeSteel,MAT102,Steel Plate,86,2024-10-25
PROD799,SUP003,CoreSteel,MAT101,Steel Rod,24,2024-10-26
PROD800,SUP005,PrimeSteel,MAT100,Steel Coil,42,2024-10-27
PROD801,SUP004,DeltaIron,MAT100,Steel Coil,24,2024-10-28
PROD802,SUP002,BetaMetals,MAT102,Steel Plate,42,2024-10-29
PROD803,SUP001,AlphaSteel,MAT103,Steel Bar,97,2024-10-30
PROD804,SUP004,DeltaIron,MAT100,Steel Coil,58,2024-10-31
PROD805,SUP002,BetaMetals,MAT100,Steel Coil,25,2024-11-01
PROD806,SUP003,CoreSteel,MAT102,Steel Plate,95,2024-11-02
PROD807,SUP004,DeltaIron,MAT104,Steel Sheet,34,2024-11-03
PROD808,SUP003,CoreSteel,MAT102,Steel Plate,27,2024-11-04
PROD809,SUP003,CoreSteel,MAT103,Steel Bar,12,2024-11-05
PROD810,SUP001,AlphaSteel,MAT104,Steel Sheet,64,2024-11-06
PROD811,SUP003,CoreSteel,MAT100,Steel Coil,83,2024-11-07
PROD812,SUP004,DeltaIron,MAT104,Steel Sheet,35,2024-11-08
PROD813,SUP004,DeltaIron,MAT104,Steel Sheet,87,2024-11-09
PROD814,SUP001,AlphaSteel,MAT102,Steel Plate,38,2024-11-10
PROD815,SUP005,PrimeSteel,MAT103,Steel Bar,89,2024-11-11
PROD816,SUP004,DeltaIron,MAT100,Steel Coil,64,2024-11-12
PROD817,SUP002,BetaMetals,MAT101,Steel Rod,85,2024-11-13
PROD818,SUP004,DeltaIron,MAT103,Steel Bar,29,2024-11-14
PROD819,SUP002,BetaMetals,MAT102,Steel Plate,10,2024-11-15
PROD820,SUP001,AlphaSteel,MAT101,Steel Rod,62,2024-11-16
PROD821,SUP003,CoreSteel,MAT100,Steel Coil,71,2024-11-17
PROD822,SUP004,DeltaIron,MAT103,Steel Bar,94,2024-11-18
PROD823,SUP005,PrimeSteel,MAT101,Steel Rod,50,2024-11-19
PROD824,SUP001,AlphaSteel,MAT100,Steel Coil,87,2024-11-20
PROD825,SUP001,AlphaSteel,MAT102,Steel Plate,61,2024-11-21
PROD826,SUP002,BetaMetals,MAT102,Steel Plate,12,2024-11-22
PROD827,SUP005,PrimeSteel,MAT104,Steel Sheet,30,2024-11-23
PROD828,SUP003,CoreSteel,MAT104,Steel Sheet,76,2024-11-24
PROD829,SUP005,PrimeSteel,MAT102,Steel Plate,28,2024-11-25
PROD830,SUP005,PrimeSteel,MAT103,Steel Bar,45,2024-11-26
PROD831,SUP002,BetaMetals,MAT103,Steel Bar,79,2024-11-27
PROD832,SUP003,CoreSteel,MAT103,Steel Bar,84,2024-11-28
PROD833,SUP002,BetaMetals,MAT103,Steel Bar,68,2024-11-29
PROD834,SUP003,CoreSteel,MAT104,Steel Sheet,62,2024-11-30
PROD835,SUP004,DeltaIron,MAT103,Steel Bar,36,2024-12-01
PROD836,SUP001,AlphaSteel,MAT104,Steel Sheet,76,2024-12-02
PROD837,SUP004,DeltaIron,MAT104,Steel Sheet,66,2024-12-03
PROD838,SUP001,AlphaSteel,MAT100,Steel Coil,59,2024-12-04
PROD839,SUP004,DeltaIron,MAT104,Steel Sheet,63,2024-12-05
PROD840,SUP005,PrimeSteel,MAT104,Steel Sheet,16,2024-12-06
PROD841,SUP001,AlphaSteel,MAT104,Steel Sheet,43,2024-12-07
PROD842,SUP003,CoreSteel,MAT103,Steel Bar,40,2024-12-08
PROD843,SUP003,CoreSteel,MAT103,Steel Bar,82,2024-12-09
PROD844,SUP002,BetaMetals,MAT104,Steel Sheet,49,2024-12-10
PROD845,SUP005,PrimeSteel,MAT100,Steel Coil,20,2024-12-11
PROD846,SUP004,DeltaIron,MAT101,Steel Rod,52,2024-12-12
PROD847,SUP004,DeltaIron,MAT102,Steel Plate,53,2024-12-13
PROD848,SUP005,PrimeSteel,MAT103,Steel Bar,74,2024-12-14
PROD849,SUP003,CoreSteel,MAT100,Steel Coil,39,2024-12-15
PROD850,SUP004,DeltaIron,MAT101,Steel Rod,84,2024-12-16
PROD851,SUP001,AlphaSteel,MAT104,Steel Sheet,45,2024-12-17
PROD852,SUP005,PrimeSteel,MAT103,Steel Bar,23,2024-12-18
PROD853,SUP001,AlphaSteel,MAT100,Steel Coil,16,2024-12-19
PROD854,SUP004,DeltaIron,MAT104,Steel Sheet,87,2024-12-20
PROD855,SUP001,AlphaSteel,MAT101,Steel Rod,64,2024-12-21
PROD856,SUP005,PrimeSteel,MAT104,Steel Sheet,60,2024-12-22
PROD857,SUP002,BetaMetals,MAT104,Steel Sheet,67,2024-12-23
PROD858,SUP002,BetaMetals,MAT103,Steel Bar,12,2024-12-24
PROD859,SUP005,PrimeSteel,MAT104,Steel Sheet,77,2024-12-25
PROD860,SUP005,PrimeSteel,MAT102,Steel Plate,15,2024-12-26
PROD861,SUP001,AlphaSteel,MAT101,Steel Rod,45,2024-12-27
PROD862,SUP001,AlphaSteel,MAT102,Steel Plate,23,2024-12-28
PROD863,SUP001,AlphaSteel,MAT100,Steel Coil,47,2024-12-29
PROD864,SUP002,BetaMetals,MAT104,Steel Sheet,39,2024-12-30
PROD865,SUP002,BetaMetals,MAT101,Steel Rod,12,2024-12-31
PROD866,SUP002,BetaMetals,MAT100,Steel Coil,49,2025-01-01
PROD867,SUP001,AlphaSteel,MAT102,Steel Plate,22,2025-01-02
PROD868,SUP004,DeltaIron,MAT100,Steel Coil,46,2025-01-03
PROD869,SUP001,AlphaSteel,MAT101,Steel Rod,62,2025-01-04
PROD870,SUP005,PrimeSteel,MAT104,Steel Sheet,40,2025-01-05
PROD871,SUP002,BetaMetals,MAT104,Steel Sheet,10,2025-01-06
PROD872,SUP003,CoreSteel,MAT104,Steel Sheet,96,2025-01-07
PROD873,SUP004,DeltaIron,MAT100,Steel Coil,38,2025-01-08
PROD874,SUP003,CoreSteel,MAT104,Steel Sheet,18,2025-01-09
PROD875,SUP002,BetaMetals,MAT101,Steel Rod,87,2025-01-10
PROD876,SUP002,BetaMetals,MAT101,Steel Rod,92,2025-01-11
PROD877,SUP005,PrimeSteel,MAT100,Steel Coil,38,2025-01-12
PROD878,SUP003,CoreSteel,MAT102,Steel Plate,17,2025-01-13
PROD879,SUP003,CoreSteel,MAT102,Steel Plate,97,2025-01-14
PROD880,SUP002,BetaMetals,MAT101,Steel Rod,79,2025-01-15
PROD881,SUP005,PrimeSteel,MAT100,Steel Coil,36,2025-01-16
PROD882,SUP002,BetaMetals,MAT104,Steel Sheet,77,2025-01-17
PROD883,SUP005,PrimeSteel,MAT100,Steel Coil,99,2025-01-18
PROD884,SUP004,DeltaIron,MAT104,Steel Sheet,91,2025-01-19
PROD885,SUP003,CoreSteel,MAT102,Steel Plate,37,2025-01-20
PROD886,SUP005,PrimeSteel,MAT100,Steel Coil,72,2025-01-21
PROD887,SUP003,CoreSteel,MAT100,Steel Coil,29,2025-01-22
PROD888,SUP002,BetaMetals,MAT102,Steel Plate,64,2025-01-23
PROD889,SUP002,BetaMetals,MAT104,Steel Sheet,62,2025-01-24
PROD890,SUP003,CoreSteel,MAT103,Steel Bar,44,2025-01-25
PROD891,SUP001,AlphaSteel,MAT100,Steel Coil,80,2025-01-26
PROD892,SUP004,DeltaIron,MAT101,Steel Rod,49,2025-01-27
PROD893,SUP002,BetaMetals,MAT102,Steel Plate,11,2025-01-28
PROD894,SUP004,DeltaIron,MAT104,Steel Sheet,94,2025-01-29
PROD895,SUP005,PrimeSteel,MAT100,Steel Coil,76,2025-01-30
PROD896,SUP003,CoreSteel,MAT102,Steel Plate,70,2025-01-31
PROD897,SUP002,BetaMetals,MAT103,Steel Bar,80,2025-02-01
PROD898,SUP004,DeltaIron,MAT102,Steel Plate,29,2025-02-02
PROD899,SUP004,DeltaIron,MAT100,Steel Coil,81,2025-02-03
PROD900,SUP003,CoreSteel,MAT103,Steel Bar,77,2025-02-04
PROD901,SUP003,CoreSteel,MAT102,Steel Plate,61,2025-02-05
PROD902,SUP001,AlphaSteel,MAT102,Steel Plate,33,2025-02-06
PROD903,SUP003,CoreSteel,MAT101,Steel Rod,59,2025-02-07
PROD904,SUP003,CoreSteel,MAT100,Steel Coil,92,2025-02-08
PROD905,SUP001,AlphaSteel,MAT100,Steel Coil,50,2025-02-09
PROD906,SUP002,BetaMetals,MAT101,Steel Rod,96,2025-02-10
PROD907,SUP003,CoreSteel,MAT101,Steel Rod,36,2025-02-11
PROD908,SUP003,CoreSteel,MAT102,Steel Plate,68,2025-02-12
PROD909,SUP001,AlphaSteel,MAT104,Steel Sheet,60,2025-02-13
PROD910,SUP004,DeltaIron,MAT102,Steel Plate,66,2025-02-14
PROD911,SUP004,DeltaIron,MAT104,Steel Sheet,11,2025-02-15
PROD912,SUP005,PrimeSteel,MAT104,Steel Sheet,66,2025-02-16
PROD913,SUP002,BetaMetals,MAT103,Steel Bar,39,2025-02-17
PROD914,SUP004,DeltaIron,MAT101,Steel Rod,23,2025-02-18
PROD915,SUP001,AlphaSteel,MAT100,Steel Coil,10,2025-02-19
PROD916,SUP004,DeltaIron,MAT100,Steel Coil,88,2025-02-20
PROD917,SUP002,BetaMetals,MAT104,Steel Sheet,67,2025-02-21
PROD918,SUP001,AlphaSteel,MAT103,Steel Bar,11,2025-02-22
PROD919,SUP002,BetaMetals,MAT102,Steel Plate,55,2025-02-23
PROD920,SUP001,AlphaSteel,MAT103,Steel Bar,77,2025-02-24
PROD921,SUP003,CoreSteel,MAT104,Steel Sheet,47,2025-02-25
PROD922,SUP004,DeltaIron,MAT103,Steel Bar,87,2025-02-26
PROD923,SUP002,BetaMetals,MAT103,Steel Bar,38,2025-02-27
PROD924,SUP005,PrimeSteel,MAT101,Steel Rod,52,2025-02-28
PROD925,SUP002,BetaMetals,MAT100,Steel Coil,32,2025-03-01
PROD926,SUP004,DeltaIron,MAT100,Steel Coil,68,2025-03-02
PROD927,SUP002,BetaMetals,MAT101,Steel Rod,51,2025-03-03
PROD928,SUP004,DeltaIron,MAT100,Steel Coil,17,2025-03-04
PROD929,SUP004,DeltaIron,MAT103,Steel Bar,62,2025-03-05
PROD930,SUP005,PrimeSteel,MAT100,Steel Coil,66,2025-03-06
PROD931,SUP003,CoreSteel,MAT100,Steel Coil,27,2025-03-07
PROD932,SUP002,BetaMetals,MAT104,Steel Sheet,60,2025-03-08
PROD933,SUP003,CoreSteel,MAT100,Steel Coil,56,2025-03-09
PROD934,SUP005,PrimeSteel,MAT104,Steel Sheet,19,2025-03-10
PROD935,SUP002,BetaMetals,MAT103,Steel Bar,76,2025-03-11
PROD936,SUP002,BetaMetals,MAT103,Steel Bar,40,2025-03-12
PROD937,SUP004,DeltaIron,MAT101,Steel Rod,96,2025-03-13
PROD938,SUP002,BetaMetals,MAT100,Steel Coil,30,2025-03-14
PROD939,SUP005,PrimeSteel,MAT103,Steel Bar,17,2025-03-15
PROD940,SUP003,CoreSteel,MAT101,Steel Rod,29,2025-03-16
PROD941,SUP003,CoreSteel,MAT104,Steel Sheet,79,2025-03-17
PROD942,SUP001,AlphaSteel,MAT104,Steel Sheet,97,2025-03-18
PROD943,SUP005,PrimeSteel,MAT104,Steel Sheet,93,2025-03-19
PROD944,SUP002,BetaMetals,MAT102,Steel Plate,92,2025-03-20
PROD945,SUP002,BetaMetals,MAT102,Steel Plate,60,2025-03-21
PROD946,SUP003,CoreSteel,MAT100,Steel Coil,62,2025-03-22
PROD947,SUP003,CoreSteel,MAT101,Steel Rod,36,2025-03-23
PROD948,SUP004,DeltaIron,MAT100,Steel Coil,40,2025-03-24
PROD949,SUP005,PrimeSteel,MAT102,Steel Plate,15,2025-03-25
PROD950,SUP001,AlphaSteel,MAT100,Steel Coil,19,2025-03-26
PROD951,SUP002,BetaMetals,MAT103,Steel Bar,34,2025-03-27
PROD952,SUP005,PrimeSteel,MAT100,Steel Coil,17,2025-03-28
PROD953,SUP003,CoreSteel,MAT100,Steel Coil,22,2025-03-29
PROD954,SUP002,BetaMetals,MAT100,Steel Coil,42,2025-03-30
PROD955,SUP001,AlphaSteel,MAT102,Steel Plate,93,2025-03-31
PROD956,SUP004,DeltaIron,MAT102,Steel Plate,97,2025-04-01
PROD957,SUP004,DeltaIron,MAT102,Steel Plate,80,2025-04-02
PROD958,SUP003,CoreSteel,MAT100,Steel Coil,93,2025-04-03
PROD959,SUP005,PrimeSteel,MAT100,Steel Coil,83,2025-04-04
PROD960,SUP005,PrimeSteel,MAT101,Steel Rod,17,2025-04-05
PROD961,SUP001,AlphaSteel,MAT100,Steel Coil,42,2025-04-06
PROD962,SUP005,PrimeSteel,MAT102,Steel Plate,43,2025-04-07
PROD963,SUP002,BetaMetals,MAT100,Steel Coil,27,2025-04-08
PROD964,SUP005,PrimeSteel,MAT104,Steel Sheet,69,2025-04-09
PROD965,SUP001,AlphaSteel,MAT100,Steel Coil,22,2025-04-10
PROD966,SUP003,CoreSteel,MAT101,Steel Rod,95,2025-04-11
PROD967,SUP004,DeltaIron,MAT102,Steel Plate,25,2025-04-12
PROD968,SUP003,CoreSteel,MAT101,Steel Rod,13,2025-04-13
PROD969,SUP002,BetaMetals,MAT103,Steel Bar,26,2025-04-14
PROD970,SUP004,DeltaIron,MAT100,Steel Coil,57,2025-04-15
PROD971,SUP005,PrimeSteel,MAT100,Steel Coil,89,2025-04-16
PROD972,SUP005,PrimeSteel,MAT101,Steel Rod,86,2025-04-17
PROD973,SUP004,DeltaIron,MAT104,Steel Sheet,66,2025-04-18
PROD974,SUP002,BetaMetals,MAT101,Steel Rod,80,2025-04-19
PROD975,SUP001,AlphaSteel,MAT103,Steel Bar,10,2025-04-20
PROD976,SUP003,CoreSteel,MAT104,Steel Sheet,38,2025-04-21
PROD977,SUP003,CoreSteel,MAT104,Steel Sheet,90,2025-04-22
PROD978,SUP004,DeltaIron,MAT102,Steel Plate,60,2025-04-23
PROD979,SUP002,BetaMetals,MAT101,Steel Rod,59,2025-04-24
PROD980,SUP003,CoreSteel,MAT104,Steel Sheet,87,2025-04-25
PROD981,SUP001,AlphaSteel,MAT104,Steel Sheet,82,2025-04-26
PROD982,SUP003,CoreSteel,MAT100,Steel Coil,81,2025-04-27
PROD983,SUP005,PrimeSteel,MAT100,Steel Coil,56,2025-04-28
PROD984,SUP003,CoreSteel,MAT104,Steel Sheet,82,2025-04-29
PROD985,SUP001,AlphaSteel,MAT103,Steel Bar,93,2025-04-30
PROD986,SUP001,AlphaSteel,MAT104,Steel Sheet,21,2025-05-01
PROD987,SUP002,BetaMetals,MAT100,Steel Coil,12,2025-05-02
PROD988,SUP005,PrimeSteel,MAT100,Steel Coil,37,2025-05-03
PROD989,SUP004,DeltaIron,MAT104,Steel Sheet,90,2025-05-04
PROD990,SUP003,CoreSteel,MAT104,Steel Sheet,41,2025-05-05
PROD991,SUP001,AlphaSteel,MAT104,Steel Sheet,50,2025-05-06
PROD992,SUP004,DeltaIron,MAT104,Steel Sheet,71,2025-05-07
PROD993,SUP001,AlphaSteel,MAT104,Steel Sheet,36,2025-05-08
PROD994,SUP004,DeltaIron,MAT104,Steel Sheet,69,2025-05-09
PROD995,SUP002,BetaMetals,MAT103,Steel Bar,48,2025-05-10
PROD996,SUP005,PrimeSteel,MAT104,Steel Sheet,64,2025-05-11
PROD997,SUP001,AlphaSteel,MAT100,Steel Coil,92,2025-05-12
PROD998,SUP005,PrimeSteel,MAT104,Steel Sheet,38,2025-05-13
PROD999,SUP003,CoreSteel,MAT101,Steel Rod,86,2025-05-14
PROD1000,SUP003,CoreSteel,MAT101,Steel Rod,36,2025-05-15
PROD1001,SUP002,BetaMetals,MAT100,Steel Coil,76,2025-05-16
PROD1002,SUP002,BetaMetals,MAT103,Steel Bar,24,2025-05-17
PROD1003,SUP001,AlphaSteel,MAT101,Steel Rod,43,2025-05-18
PROD1004,SUP005,PrimeSteel,MAT100,Steel Coil,28,2025-05-19
PROD1005,SUP002,BetaMetals,MAT100,Steel Coil,63,2025-05-20
PROD1006,SUP001,AlphaSteel,MAT101,Steel Rod,58,2025-05-21
PROD1007,SUP005,PrimeSteel,MAT101,Steel Rod,80,2025-05-22
PROD1008,SUP001,AlphaSteel,MAT100,Steel Coil,67,2025-05-23
PROD1009,SUP005,PrimeSteel,MAT104,Steel Sheet,71,2025-05-24
PROD1010,SUP005,PrimeSteel,MAT100,Steel Coil,80,2025-05-25
PROD1011,SUP003,CoreSteel,MAT100,Steel Coil,68,2025-05-26
PROD1012,SUP004,DeltaIron,MAT103,Steel Bar,61,2025-05-27
PROD1013,SUP001,AlphaSteel,MAT104,Steel Sheet,34,2025-05-28
PROD1014,SUP002,BetaMetals,MAT100,Steel Coil,77,2025-05-29
PROD1015,SUP005,PrimeSteel,MAT103,Steel Bar,95,2025-05-30
PROD1016,SUP004,DeltaIron,MAT102,Steel Plate,16,2025-05-31
PROD1017,SUP001,AlphaSteel,MAT103,Steel Bar,28,2025-06-01
PROD1018,SUP003,CoreSteel,MAT104,Steel Sheet,11,2025-06-02
PROD1019,SUP004,DeltaIron,MAT101,Steel Rod,98,2025-06-03
PROD1020,SUP004,DeltaIron,MAT101,Steel Rod,12,2025-06-04
PROD1021,SUP005,PrimeSteel,MAT104,Steel Sheet,80,2025-06-05
PROD1022,SUP005,PrimeSteel,MAT102,Steel Plate,47,2025-06-06
PROD1023,SUP002,BetaMetals,MAT100,Steel Coil,63,2025-06-07
PROD1024,SUP002,BetaMetals,MAT104,Steel Sheet,65,2025-06-08
PROD1025,SUP004,DeltaIron,MAT104,Steel Sheet,37,2025-06-09
PROD1026,SUP004,DeltaIron,MAT103,Steel Bar,27,2025-06-10
PROD1027,SUP005,PrimeSteel,MAT100,Steel Coil,43,2025-06-11
PROD1028,SUP001,AlphaSteel,MAT101,Steel Rod,46,2025-06-12
PROD1029,SUP001,AlphaSteel,MAT100,Steel Coil,78,2025-06-13
PROD1030,SUP004,DeltaIron,MAT103,Steel Bar,41,2025-06-14
PROD1031,SUP002,BetaMetals,MAT103,Steel Bar,90,2025-06-15
PROD1032,SUP001,AlphaSteel,MAT102,Steel Plate,25,2025-06-16
PROD1033,SUP003,CoreSteel,MAT102,Steel Plate,85,2025-06-17
PROD1034,SUP001,AlphaSteel,MAT102,Steel Plate,99,2025-06-18
PROD1035,SUP001,AlphaSteel,MAT102,Steel Plate,47,2025-06-19
PROD1036,SUP003,CoreSteel,MAT100,Steel Coil,50,2025-06-20
PROD1037,SUP005,PrimeSteel,MAT100,Steel Coil,98,2025-06-21
PROD1038,SUP001,AlphaSteel,MAT102,Steel Plate,53,2025-06-22
PROD1039,SUP003,CoreSteel,MAT102,Steel Plate,25,2025-06-23
PROD1040,SUP005,PrimeSteel,MAT100,Steel Coil,34,2025-06-24
PROD1041,SUP002,BetaMetals,MAT100,Steel Coil,42,2025-06-25
PROD1042,SUP002,BetaMetals,MAT102,Steel Plate,38,2025-06-26
PROD1043,SUP004,DeltaIron,MAT103,Steel Bar,92,2025-06-27
PROD1044,SUP003,CoreSteel,MAT103,Steel Bar,80,2025-06-28
PROD1045,SUP005,PrimeSteel,MAT103,Steel Bar,14,2025-06-29
PROD1046,SUP003,CoreSteel,MAT104,Steel Sheet,47,2025-06-30
PROD1047,SUP005,PrimeSteel,MAT102,Steel Plate,68,2025-07-01
PROD1048,SUP004,DeltaIron,MAT100,Steel Coil,73,2025-07-02
PROD1049,SUP001,AlphaSteel,MAT101,Steel Rod,85,2025-07-03
PROD1050,SUP002,BetaMetals,MAT100,Steel Coil,45,2025-07-04
PROD1051,SUP002,BetaMetals,MAT101,Steel Rod,62,2025-07-05
PROD1052,SUP002,BetaMetals,MAT103,Steel Bar,81,2025-07-06
PROD1053,SUP001,AlphaSteel,MAT104,Steel Sheet,66,2025-07-07
PROD1054,SUP002,BetaMetals,MAT100,Steel Coil,72,2025-07-08
PROD1055,SUP002,BetaMetals,MAT101,Steel Rod,89,2025-07-09
PROD1056,SUP004,DeltaIron,MAT102,Steel Plate,86,2025-07-10
PROD1057,SUP002,BetaMetals,MAT102,Steel Plate,37,2025-07-11
PROD1058,SUP004,DeltaIron,MAT104,Steel Sheet,34,2025-07-12
PROD1059,SUP004,DeltaIron,MAT102,Steel Plate,79,2025-07-13
PROD1060,SUP003,CoreSteel,MAT103,Steel Bar,77,2025-07-14
PROD1061,SUP003,CoreSteel,MAT100,Steel Coil,20,2025-07-15
PROD1062,SUP004,DeltaIron,MAT104,Steel Sheet,93,2025-07-16
PROD1063,SUP001,AlphaSteel,MAT100,Steel Coil,44,2025-07-17
PROD1064,SUP005,PrimeSteel,MAT103,Steel Bar,36,2025-07-18
PROD1065,SUP001,AlphaSteel,MAT103,Steel Bar,60,2025-07-19
PROD1066,SUP005,PrimeSteel,MAT103,Steel Bar,12,2025-07-20
PROD1067,SUP002,BetaMetals,MAT102,Steel Plate,68,2025-07-21
PROD1068,SUP004,DeltaIron,MAT103,Steel Bar,85,2025-07-22
PROD1069,SUP001,AlphaSteel,MAT102,Steel Plate,97,2025-07-23
PROD1070,SUP001,AlphaSteel,MAT101,Steel Rod,95,2025-07-24
PROD1071,SUP003,CoreSteel,MAT103,Steel Bar,61,2025-07-25
PROD1072,SUP001,AlphaSteel,MAT103,Steel Bar,33,2025-07-26
PROD1073,SUP001,AlphaSteel,MAT100,Steel Coil,39,2025-07-27
PROD1074,SUP002,BetaMetals,MAT100,Steel Coil,44,2025-07-28
PROD1075,SUP002,BetaMetals,MAT101,Steel Rod,68,2025-07-29
PROD1076,SUP004,DeltaIron,MAT102,Steel Plate,78,2025-07-30
PROD1077,SUP001,AlphaSteel,MAT101,Steel Rod,23,2025-07-31
PROD1078,SUP001,AlphaSteel,MAT100,Steel Coil,82,2025-08-01
PROD1079,SUP001,AlphaSteel,MAT104,Steel Sheet,82,2025-08-02
PROD1080,SUP002,BetaMetals,MAT104,Steel Sheet,41,2025-08-03
PROD1081,SUP003,CoreSteel,MAT104,Steel Sheet,86,2025-08-04
PROD1082,SUP001,AlphaSteel,MAT104,Steel Sheet,83,2025-08-05
PROD1083,SUP002,BetaMetals,MAT100,Steel Coil,22,2025-08-06
PROD1084,SUP003,CoreSteel,MAT102,Steel Plate,83,2025-08-07
PROD1085,SUP004,DeltaIron,MAT101,Steel Rod,52,2025-08-08
PROD1086,SUP005,PrimeSteel,MAT100,Steel Coil,64,2025-08-09
PROD1087,SUP002,BetaMetals,MAT103,Steel Bar,15,2025-08-10
PROD1088,SUP003,CoreSteel,MAT104,Steel Sheet,85,2025-08-11
PROD1089,SUP004,DeltaIron,MAT104,Steel Sheet,41,2025-08-12
PROD1090,SUP004,DeltaIron,MAT103,Steel Bar,34,2025-08-13
PROD1091,SUP001,AlphaSteel,MAT101,Steel Rod,98,2025-08-14
PROD1092,SUP002,BetaMetals,MAT101,Steel Rod,60,2025-08-15
PROD1093,SUP002,BetaMetals,MAT102,Steel Plate,54,2025-08-16
PROD1094,SUP001,AlphaSteel,MAT104,Steel Sheet,78,2025-08-17
PROD1095,SUP002,BetaMetals,MAT100,Steel Coil,88,2025-08-18
PROD1096,SUP003,CoreSteel,MAT103,Steel Bar,18,2025-08-19
PROD1097,SUP003,CoreSteel,MAT104,Steel Sheet,97,2025-08-20
PROD1098,SUP003,CoreSteel,MAT104,Steel Sheet,54,2025-08-21
PROD1099,SUP003,CoreSteel,MAT101,Steel Rod,44,2025-08-22
PROD1100,SUP004,DeltaIron,MAT101,Steel Rod,61,2025-08-23
PROD1101,SUP001,AlphaSteel,MAT101,Steel Rod,44,2025-08-24
PROD1102,SUP004,DeltaIron,MAT101,Steel Rod,48,2025-08-25
PROD1103,SUP003,CoreSteel,MAT103,Steel Bar,45,2025-08-26
PROD1104,SUP003,CoreSteel,MAT104,Steel Sheet,50,2025-08-27
PROD1105,SUP005,PrimeSteel,MAT101,Steel Rod,53,2025-08-28
PROD1106,SUP004,DeltaIron,MAT103,Steel Bar,37,2025-08-29
PROD1107,SUP005,PrimeSteel,MAT100,Steel Coil,65,2025-08-30
PROD1108,SUP002,BetaMetals,MAT104,Steel Sheet,60,2025-08-31
PROD1109,SUP001,AlphaSteel,MAT104,Steel Sheet,76,2025-09-01
PROD1110,SUP004,DeltaIron,MAT100,Steel Coil,11,2025-09-02
PROD1111,SUP004,DeltaIron,MAT104,Steel Sheet,40,2025-09-03
PROD1112,SUP004,DeltaIron,MAT101,Steel Rod,78,2025-09-04
PROD1113,SUP002,BetaMetals,MAT102,Steel Plate,92,2025-09-05
PROD1114,SUP004,DeltaIron,MAT104,Steel Sheet,80,2025-09-06
PROD1115,SUP001,AlphaSteel,MAT104,Steel Sheet,13,2025-09-07
PROD1116,SUP005,PrimeSteel,MAT104,Steel Sheet,32,2025-09-08
PROD1117,SUP002,BetaMetals,MAT101,Steel Rod,96,2025-09-09
PROD1118,SUP005,PrimeSteel,MAT104,Steel Sheet,31,2025-09-10
PROD1119,SUP004,DeltaIron,MAT104,Steel Sheet,95,2025-09-11
PROD1120,SUP003,CoreSteel,MAT104,Steel Sheet,30,2025-09-12
PROD1121,SUP005,PrimeSteel,MAT102,Steel Plate,21,2025-09-13
PROD1122,SUP001,AlphaSteel,MAT100,Steel Coil,76,2025-09-14
PROD1123,SUP005,PrimeSteel,MAT100,Steel Coil,86,2025-09-15
PROD1124,SUP004,DeltaIron,MAT102,Steel Plate,86,2025-09-16
PROD1125,SUP004,DeltaIron,MAT103,Steel Bar,36,2025-09-17
PROD1126,SUP001,AlphaSteel,MAT103,Steel Bar,31,2025-09-18
PROD1127,SUP005,PrimeSteel,MAT103,Steel Bar,98,2025-09-19
PROD1128,SUP005,PrimeSteel,MAT104,Steel Sheet,62,2025-09-20
PROD1129,SUP005,PrimeSteel,MAT102,Steel Plate,46,2025-09-21
PROD1130,SUP005,PrimeSteel,MAT102,Steel Plate,22,2025-09-22
PROD1131,SUP001,AlphaSteel,MAT101,Steel Rod,35,2025-09-23
PROD1132,SUP005,PrimeSteel,MAT104,Steel Sheet,90,2025-09-24
PROD1133,SUP003,CoreSteel,MAT101,Steel Rod,12,2025-09-25
PROD1134,SUP003,CoreSteel,MAT104,Steel Sheet,26,2025-09-26
PROD1135,SUP003,CoreSteel,MAT101,Steel Rod,21,2025-09-27
PROD1136,SUP005,PrimeSteel,MAT100,Steel Coil,30,2025-09-28
PROD1137,SUP004,DeltaIron,MAT100,Steel Coil,65,2025-09-29
PROD1138,SUP002,BetaMetals,MAT101,Steel Rod,11,2025-09-30
PROD1139,SUP004,DeltaIron,MAT100,Steel Coil,94,2025-10-01
PROD1140,SUP004,DeltaIron,MAT101,Steel Rod,77,2025-10-02
PROD1141,SUP001,AlphaSteel,MAT102,Steel Plate,98,2025-10-03
PROD1142,SUP001,AlphaSteel,MAT100,Steel Coil,42,2025-10-04
PROD1143,SUP004,DeltaIron,MAT104,Steel Sheet,90,2025-10-05
PROD1144,SUP004,DeltaIron,MAT103,Steel Bar,54,2025-10-06
PROD1145,SUP001,AlphaSteel,MAT101,Steel Rod,66,2025-10-07
PROD1146,SUP002,BetaMetals,MAT101,Steel Rod,39,2025-10-08
PROD1147,SUP001,AlphaSteel,MAT104,Steel Sheet,16,2025-10-09
PROD1148,SUP001,AlphaSteel,MAT101,Steel Rod,49,2025-10-10
PROD1149,SUP001,AlphaSteel,MAT104,Steel Sheet,19,2025-10-11
PROD1150,SUP002,BetaMetals,MAT102,Steel Plate,22,2025-10-12
PROD1151,SUP004,DeltaIron,MAT103,Steel Bar,12,2025-10-13
PROD1152,SUP003,CoreSteel,MAT103,Steel Bar,18,2025-10-14
PROD1153,SUP002,BetaMetals,MAT102,Steel Plate,90,2025-10-15
PROD1154,SUP002,BetaMetals,MAT100,Steel Coil,73,2025-10-16
PROD1155,SUP003,CoreSteel,MAT102,Steel Plate,96,2025-10-17
PROD1156,SUP002,BetaMetals,MAT104,Steel Sheet,44,2025-10-18
PROD1157,SUP005,PrimeSteel,MAT103,Steel Bar,72,2025-10-19
PROD1158,SUP001,AlphaSteel,MAT100,Steel Coil,24,2025-10-20
PROD1159,SUP004,DeltaIron,MAT102,Steel Plate,74,2025-10-21
PROD1160,SUP005,PrimeSteel,MAT101,Steel Rod,41,2025-10-22
PROD1161,SUP001,AlphaSteel,MAT100,Steel Coil,86,2025-10-23
PROD1162,SUP005,PrimeSteel,MAT103,Steel Bar,72,2025-10-24
PROD1163,SUP003,CoreSteel,MAT103,Steel Bar,12,2025-10-25
PROD1164,SUP005,PrimeSteel,MAT100,Steel Coil,43,2025-10-26
PROD1165,SUP001,AlphaSteel,MAT103,Steel Bar,23,2025-10-27
PROD1166,SUP002,BetaMetals,MAT100,Steel Coil,85,2025-10-28
PROD1167,SUP005,PrimeSteel,MAT104,Steel Sheet,45,2025-10-29
PROD1168,SUP005,PrimeSteel,MAT103,Steel Bar,44,2025-10-30
PROD1169,SUP005,PrimeSteel,MAT102,Steel Plate,89,2025-10-31
PROD1170,SUP004,DeltaIron,MAT102,Steel Plate,16,2025-11-01
PROD1171,SUP004,DeltaIron,MAT100,Steel Coil,82,2025-11-02
PROD1172,SUP001,AlphaSteel,MAT103,Steel Bar,35,2025-11-03
PROD1173,SUP004,DeltaIron,MAT100,Steel Coil,65,2025-11-04
PROD1174,SUP001,AlphaSteel,MAT104,Steel Sheet,43,2025-11-05
PROD1175,SUP001,AlphaSteel,MAT100,Steel Coil,61,2025-11-06
PROD1176,SUP001,AlphaSteel,MAT104,Steel Sheet,65,2025-11-07
PROD1177,SUP001,AlphaSteel,MAT103,Steel Bar,99,2025-11-08
PROD1178,SUP003,CoreSteel,MAT100,Steel Coil,98,2025-11-09
PROD1179,SUP004,DeltaIron,MAT100,Steel Coil,21,2025-11-10
PROD1180,SUP003,CoreSteel,MAT103,Steel Bar,50,2025-11-11
PROD1181,SUP005,PrimeSteel,MAT102,Steel Plate,98,2025-11-12
PROD1182,SUP004,DeltaIron,MAT102,Steel Plate,52,2025-11-13
PROD1183,SUP005,PrimeSteel,MAT101,Steel Rod,98,2025-11-14
PROD1184,SUP005,PrimeSteel,MAT100,Steel Coil,82,2025-11-15
PROD1185,SUP002,BetaMetals,MAT101,Steel Rod,97,2025-11-16
PROD1186,SUP001,AlphaSteel,MAT102,Steel Plate,15,2025-11-17
PROD1187,SUP002,BetaMetals,MAT100,Steel Coil,15,2025-11-18
PROD1188,SUP002,BetaMetals,MAT103,Steel Bar,41,2025-11-19
PROD1189,SUP005,PrimeSteel,MAT100,Steel Coil,33,2025-11-20
PROD1190,SUP001,AlphaSteel,MAT102,Steel Plate,49,2025-11-21
PROD1191,SUP003,CoreSteel,MAT103,Steel Bar,34,2025-11-22
PROD1192,SUP001,AlphaSteel,MAT101,Steel Rod,59,2025-11-23
PROD1193,SUP003,CoreSteel,MAT104,Steel Sheet,99,2025-11-24
PROD1194,SUP004,DeltaIron,MAT101,Steel Rod,96,2025-11-25
PROD1195,SUP005,PrimeSteel,MAT101,Steel Rod,42,2025-11-26
PROD1196,SUP001,AlphaSteel,MAT101,Steel Rod,89,2025-11-27
PROD1197,SUP004,DeltaIron,MAT102,Steel Plate,55,2025-11-28
PROD1198,SUP003,CoreSteel,MAT101,Steel Rod,13,2025-11-29
PROD1199,SUP004,DeltaIron,MAT102,Steel Plate,64,2025-11-30
PROD1200,SUP001,AlphaSteel,MAT104,Steel Sheet,24,2025-12-01
PROD1201,SUP002,BetaMetals,MAT100,Steel Coil,53,2025-12-02
PROD1202,SUP004,DeltaIron,MAT103,Steel Bar,47,2025-12-03
PROD1203,SUP005,PrimeSteel,MAT101,Steel Rod,81,2025-12-04
PROD1204,SUP002,BetaMetals,MAT102,Steel Plate,97,2025-12-05
PROD1205,SUP002,BetaMetals,MAT100,Steel Coil,79,2025-12-06
PROD1206,SUP001,AlphaSteel,MAT104,Steel Sheet,91,2025-12-07
PROD1207,SUP001,AlphaSteel,MAT100,Steel Coil,30,2025-12-08
PROD1208,SUP004,DeltaIron,MAT102,Steel Plate,50,2025-12-09
PROD1209,SUP004,DeltaIron,MAT100,Steel Coil,97,2025-12-10
PROD1210,SUP004,DeltaIron,MAT101,Steel Rod,15,2025-12-11
PROD1211,SUP004,DeltaIron,MAT101,Steel Rod,67,2025-12-12
PROD1212,SUP001,AlphaSteel,MAT102,Steel Plate,47,2025-12-13
PROD1213,SUP005,PrimeSteel,MAT100,Steel Coil,62,2025-12-14
PROD1214,SUP002,BetaMetals,MAT104,Steel Sheet,62,2025-12-15
PROD1215,SUP004,DeltaIron,MAT101,Steel Rod,64,2025-12-16
PROD1216,SUP002,BetaMetals,MAT101,Steel Rod,65,2025-12-17
PROD1217,SUP002,BetaMetals,MAT103,Steel Bar,87,2025-12-18
PROD1218,SUP001,AlphaSteel,MAT103,Steel Bar,40,2025-12-19
PROD1219,SUP002,BetaMetals,MAT102,Steel Plate,50,2025-12-20
PROD1220,SUP001,AlphaSteel,MAT101,Steel Rod,81,2025-12-21
PROD1221,SUP002,BetaMetals,MAT101,Steel Rod,78,2025-12-22
PROD1222,SUP001,AlphaSteel,MAT103,Steel Bar,51,2025-12-23
PROD1223,SUP003,CoreSteel,MAT102,Steel Plate,33,2025-12-24
PROD1224,SUP002,BetaMetals,MAT104,Steel Sheet,18,2025-12-25
PROD1225,SUP005,PrimeSteel,MAT104,Steel Sheet,20,2025-12-26
PROD1226,SUP005,PrimeSteel,MAT102,Steel Plate,69,2025-12-27
PROD1227,SUP005,PrimeSteel,MAT101,Steel Rod,76,2025-12-28
PROD1228,SUP005,PrimeSteel,MAT102,Steel Plate,51,2025-12-29
PROD1229,SUP004,DeltaIron,MAT102,Steel Plate,75,2025-12-30
PROD1230,SUP004,DeltaIron,MAT103,Steel Bar,13,2025-12-31
PROD1231,SUP002,BetaMetals,MAT101,Steel Rod,30,2026-01-01
PROD1232,SUP003,CoreSteel,MAT102,Steel Plate,25,2026-01-02
PROD1233,SUP002,BetaMetals,MAT103,Steel Bar,82,2026-01-03
PROD1234,SUP002,BetaMetals,MAT101,Steel Rod,98,2026-01-04
PROD1235,SUP004,DeltaIron,MAT103,Steel Bar,18,2026-01-05
PROD1236,SUP001,AlphaSteel,MAT100,Steel Coil,11,2026-01-06
PROD1237,SUP004,DeltaIron,MAT101,Steel Rod,38,2026-01-07
PROD1238,SUP001,AlphaSteel,MAT101,Steel Rod,49,2026-01-08
PROD1239,SUP005,PrimeSteel,MAT101,Steel Rod,87,2026-01-09
PROD1240,SUP003,CoreSteel,MAT103,Steel Bar,71,2026-01-10
PROD1241,SUP003,CoreSteel,MAT103,Steel Bar,99,2026-01-11
PROD1242,SUP005,PrimeSteel,MAT100,Steel Coil,35,2026-01-12
PROD1243,SUP001,AlphaSteel,MAT103,Steel Bar,10,2026-01-13
PROD1244,SUP002,BetaMetals,MAT100,Steel Coil,44,2026-01-14
PROD1245,SUP002,BetaMetals,MAT100,Steel Coil,47,2026-01-15
PROD1246,SUP004,DeltaIron,MAT101,Steel Rod,53,2026-01-16
PROD1247,SUP005,PrimeSteel,MAT100,Steel Coil,35,2026-01-17
PROD1248,SUP003,CoreSteel,MAT103,Steel Bar,60,2026-01-18
PROD1249,SUP005,PrimeSteel,MAT101,Steel Rod,75,2026-01-19
PROD1250,SUP001,AlphaSteel,MAT102,Steel Plate,25,2026-01-20
PROD1251,SUP004,DeltaIron,MAT100,Steel Coil,14,2026-01-21
PROD1252,SUP004,DeltaIron,MAT100,Steel Coil,88,2026-01-22
PROD1253,SUP002,BetaMetals,MAT100,Steel Coil,43,2026-01-23
PROD1254,SUP003,CoreSteel,MAT104,Steel Sheet,47,2026-01-24
PROD1255,SUP002,BetaMetals,MAT100,Steel Coil,39,2026-01-25
PROD1256,SUP004,DeltaIron,MAT100,Steel Coil,61,2026-01-26
PROD1257,SUP005,PrimeSteel,MAT101,Steel Rod,96,2026-01-27
PROD1258,SUP001,AlphaSteel,MAT104,Steel Sheet,84,2026-01-28
PROD1259,SUP004,DeltaIron,MAT102,Steel Plate,18,2026-01-29
PROD1260,SUP005,PrimeSteel,MAT104,Steel Sheet,82,2026-01-30
PROD1261,SUP002,BetaMetals,MAT101,Steel Rod,31,2026-01-31
PROD1262,SUP005,PrimeSteel,MAT103,Steel Bar,84,2026-02-01
PROD1263,SUP003,CoreSteel,MAT100,Steel Coil,69,2026-02-02
PROD1264,SUP005,PrimeSteel,MAT103,Steel Bar,36,2026-02-03
PROD1265,SUP005,PrimeSteel,MAT100,Steel Coil,60,2026-02-04
PROD1266,SUP004,DeltaIron,MAT102,Steel Plate,16,2026-02-05
PROD1267,SUP001,AlphaSteel,MAT104,Steel Sheet,18,2026-02-06
PROD1268,SUP004,DeltaIron,MAT102,Steel Plate,79,2026-02-07
PROD1269,SUP002,BetaMetals,MAT101,Steel Rod,94,2026-02-08
PROD1270,SUP002,BetaMetals,MAT101,Steel Rod,17,2026-02-09
PROD1271,SUP005,PrimeSteel,MAT100,Steel Coil,89,2026-02-10
PROD1272,SUP003,CoreSteel,MAT104,Steel Sheet,80,2026-02-11
PROD1273,SUP003,CoreSteel,MAT103,Steel Bar,39,2026-02-12
PROD1274,SUP004,DeltaIron,MAT104,Steel Sheet,32,2026-02-13
PROD1275,SUP002,BetaMetals,MAT100,Steel Coil,75,2026-02-14
PROD1276,SUP003,CoreSteel,MAT100,Steel Coil,39,2026-02-15
PROD1277,SUP001,AlphaSteel,MAT104,Steel Sheet,83,2026-02-16
PROD1278,SUP001,AlphaSteel,MAT104,Steel Sheet,54,2026-02-17
PROD1279,SUP001,AlphaSteel,MAT100,Steel Coil,83,2026-02-18
PROD1280,SUP005,PrimeSteel,MAT102,Steel Plate,44,2026-02-19
PROD1281,SUP003,CoreSteel,MAT103,Steel Bar,87,2026-02-20
PROD1282,SUP003,CoreSteel,MAT100,Steel Coil,18,2026-02-21
PROD1283,SUP005,PrimeSteel,MAT104,Steel Sheet,16,2026-02-22
PROD1284,SUP003,CoreSteel,MAT104,Steel Sheet,48,2026-02-23
PROD1285,SUP001,AlphaSteel,MAT100,Steel Coil,55,2026-02-24
PROD1286,SUP005,PrimeSteel,MAT100,Steel Coil,58,2026-02-25
PROD1287,SUP002,BetaMetals,MAT102,Steel Plate,26,2026-02-26
PROD1288,SUP003,CoreSteel,MAT102,Steel Plate,77,2026-02-27
PROD1289,SUP003,CoreSteel,MAT102,Steel Plate,38,2026-02-28
PROD1290,SUP004,DeltaIron,MAT102,Steel Plate,26,2026-03-01
PROD1291,SUP001,AlphaSteel,MAT102,Steel Plate,67,2026-03-02
PROD1292,SUP004,DeltaIron,MAT101,Steel Rod,98,2026-03-03
PROD1293,SUP001,AlphaSteel,MAT102,Steel Plate,81,2026-03-04
PROD1294,SUP005,PrimeSteel,MAT102,Steel Plate,83,2026-03-05
PROD1295,SUP002,BetaMetals,MAT102,Steel Plate,91,2026-03-06
PROD1296,SUP004,DeltaIron,MAT100,Steel Coil,49,2026-03-07
PROD1297,SUP002,BetaMetals,MAT102,Steel Plate,68,2026-03-08
PROD1298,SUP001,AlphaSteel,MAT101,Steel Rod,46,2026-03-09
PROD1299,SUP003,CoreSteel,MAT104,Steel Sheet,67,2026-03-10
