supplier_id,supplier_name,material_id,material_name,current_stock,daily_consumption,safety_stock,last_updated,stockout_risk_flag,days_until_stockout,total_future_consumption,projected_stock,projected_stockout_flag
SUP002,BetaMetals,MAT104,Steel Sheet,340,38,91,2024-01-15,False,8.9,9228,-8888,True
SUP001,AlphaSteel,MAT102,Steel Plate,241,19,198,2024-01-15,False,12.7,8104,-7863,True
SUP001,AlphaSteel,MAT100,Steel Coil,382,10,118,2024-01-15,False,38.2,9961,-9579,True
SUP002,BetaMetals,MAT100,Steel Coil,151,36,82,2024-01-15,False,4.2,9961,-9810,True
SUP004,DeltaIron,MAT101,Steel Rod,151,5,136,2024-01-15,False,30.2,9006,-8855,True
SUP002,BetaMetals,MAT101,Steel Rod,129,30,199,2024-01-15,True,4.3,9006,-8877,True
SUP004,DeltaIron,MAT102,Steel Plate,332,28,199,2024-01-15,False,11.9,8104,-7772,True
SUP005,PrimeSteel,MAT102,Steel Plate,138,15,113,2024-01-15,False,9.2,8104,-7966,True
SUP003,CoreSteel,MAT104,Steel Sheet,251,32,160,2024-01-15,False,7.8,9228,-8977,True
SUP005,PrimeSteel,MAT102,Steel Plate,291,26,123,2024-01-15,False,11.2,8104,-7813,True
SUP002,BetaMetals,MAT100,Steel Coil,106,34,152,2024-01-15,True,3.1,9961,-9855,True
SUP001,AlphaSteel,MAT101,Steel Rod,342,14,161,2024-01-15,False,24.4,9006,-8664,True
SUP001,AlphaSteel,MAT102,Steel Plate,68,5,122,2024-01-15,True,13.6,8104,-8036,True
SUP001,AlphaSteel,MAT100,Steel Coil,332,38,111,2024-01-15,False,8.7,9961,-9629,True
SUP001,AlphaSteel,MAT100,Steel Coil,321,27,175,2024-01-15,False,11.9,9961,-9640,True
SUP004,DeltaIron,MAT103,Steel Bar,472,25,146,2024-01-15,False,18.9,7548,-7076,True
SUP003,CoreSteel,MAT104,Steel Sheet,336,16,189,2024-01-15,False,21.0,9228,-8892,True
SUP003,CoreSteel,MAT101,Steel Rod,108,20,129,2024-01-15,True,5.4,9006,-8898,True
SUP004,DeltaIron,MAT103,Steel Bar,398,7,90,2024-01-15,False,56.9,7548,-7150,True
SUP004,DeltaIron,MAT103,Steel Bar,322,30,163,2024-01-15,False,10.7,7548,-7226,True
SUP001,AlphaSteel,MAT100,Steel Coil,429,32,165,2024-01-15,False,13.4,9961,-9532,True
SUP001,AlphaSteel,MAT104,Steel Sheet,252,6,128,2024-01-15,False,42.0,9228,-8976,True
SUP003,CoreSteel,MAT100,Steel Coil,188,25,113,2024-01-15,False,7.5,9961,-9773,True
SUP005,PrimeSteel,MAT102,Steel Plate,81,9,96,2024-01-15,True,9.0,8104,-8023,True
SUP001,AlphaSteel,MAT102,Steel Plate,350,23,137,2024-01-15,False,15.2,8104,-7754,True
SUP002,BetaMetals,MAT103,Steel Bar,212,21,123,2024-01-15,False,10.1,7548,-7336,True
SUP003,CoreSteel,MAT101,Steel Rod,97,6,135,2024-01-15,True,16.2,9006,-8909,True
SUP004,DeltaIron,MAT104,Steel Sheet,311,36,185,2024-01-15,False,8.6,9228,-8917,True
SUP001,AlphaSteel,MAT104,Steel Sheet,280,7,196,2024-01-15,False,40.0,9228,-8948,True
SUP001,AlphaSteel,MAT100,Steel Coil,181,16,86,2024-01-15,False,11.3,9961,-9780,True
SUP003,CoreSteel,MAT100,Steel Coil,248,18,117,2024-01-15,False,13.8,9961,-9713,True
SUP002,BetaMetals,MAT102,Steel Plate,283,5,173,2024-01-15,False,56.6,8104,-7821,True
SUP005,PrimeSteel,MAT100,Steel Coil,62,29,122,2024-01-15,True,2.1,9961,-9899,True
SUP003,CoreSteel,MAT100,Steel Coil,58,36,125,2024-01-15,True,1.6,9961,-9903,True
SUP002,BetaMetals,MAT102,Steel Plate,114,37,84,2024-01-15,False,3.1,8104,-7990,True
SUP005,PrimeSteel,MAT100,Steel Coil,144,20,174,2024-01-15,True,7.2,9961,-9817,True
SUP005,PrimeSteel,MAT100,Steel Coil,494,22,89,2024-01-15,False,22.5,9961,-9467,True
SUP003,CoreSteel,MAT100,Steel Coil,248,19,147,2024-01-15,False,13.1,9961,-9713,True
SUP004,DeltaIron,MAT104,Steel Sheet,260,32,122,2024-01-15,False,8.1,9228,-8968,True
SUP005,PrimeSteel,MAT104,Steel Sheet,245,23,116,2024-01-15,False,10.7,9228,-8983,True
SUP005,PrimeSteel,MAT103,Steel Bar,360,36,99,2024-01-15,False,10.0,7548,-7188,True
SUP004,DeltaIron,MAT101,Steel Rod,167,35,104,2024-01-15,False,4.8,9006,-8839,True
SUP005,PrimeSteel,MAT103,Steel Bar,180,16,180,2024-01-15,False,11.2,7548,-7368,True
SUP003,CoreSteel,MAT100,Steel Coil,172,39,147,2024-01-15,False,4.4,9961,-9789,True
SUP001,AlphaSteel,MAT100,Steel Coil,364,31,194,2024-01-15,False,11.7,9961,-9597,True
SUP004,DeltaIron,MAT102,Steel Plate,355,12,199,2024-01-15,False,29.6,8104,-7749,True
SUP003,CoreSteel,MAT101,Steel Rod,425,35,144,2024-01-15,False,12.1,9006,-8581,True
SUP002,BetaMetals,MAT101,Steel Rod,443,23,146,2024-01-15,False,19.3,9006,-8563,True
SUP004,DeltaIron,MAT104,Steel Sheet,156,26,118,2024-01-15,False,6.0,9228,-9072,True
SUP005,PrimeSteel,MAT101,Steel Rod,239,19,199,2024-01-15,False,12.6,9006,-8767,True
SUP003,CoreSteel,MAT102,Steel Plate,163,35,99,2024-01-15,False,4.7,8104,-7941,True
SUP004,DeltaIron,MAT100,Steel Coil,314,7,104,2024-01-15,False,44.9,9961,-9647,True
SUP003,CoreSteel,MAT103,Steel Bar,419,10,112,2024-01-15,False,41.9,7548,-7129,True
SUP005,PrimeSteel,MAT104,Steel Sheet,218,25,117,2024-01-15,False,8.7,9228,-9010,True
SUP001,AlphaSteel,MAT104,Steel Sheet,417,17,151,2024-01-15,False,24.5,9228,-8811,True
SUP001,AlphaSteel,MAT102,Steel Plate,274,29,163,2024-01-15,False,9.4,8104,-7830,True
SUP001,AlphaSteel,MAT100,Steel Coil,139,29,164,2024-01-15,True,4.8,9961,-9822,True
SUP003,CoreSteel,MAT103,Steel Bar,470,12,178,2024-01-15,False,39.2,7548,-7078,True
SUP002,BetaMetals,MAT104,Steel Sheet,232,29,190,2024-01-15,False,8.0,9228,-8996,True
SUP003,CoreSteel,MAT101,Steel Rod,242,13,140,2024-01-15,False,18.6,9006,-8764,True
SUP001,AlphaSteel,MAT100,Steel Coil,346,31,154,2024-01-15,False,11.2,9961,-9615,True
SUP003,CoreSteel,MAT103,Steel Bar,178,22,188,2024-01-15,True,8.1,7548,-7370,True
SUP003,CoreSteel,MAT102,Steel Plate,72,13,144,2024-01-15,True,5.5,8104,-8032,True
SUP002,BetaMetals,MAT103,Steel Bar,348,20,194,2024-01-15,False,17.4,7548,-7200,True
SUP004,DeltaIron,MAT104,Steel Sheet,59,8,107,2024-01-15,True,7.4,9228,-9169,True
SUP001,AlphaSteel,MAT103,Steel Bar,181,22,154,2024-01-15,False,8.2,7548,-7367,True
SUP003,CoreSteel,MAT104,Steel Sheet,392,36,137,2024-01-15,False,10.9,9228,-8836,True
SUP005,PrimeSteel,MAT100,Steel Coil,459,27,150,2024-01-15,False,17.0,9961,-9502,True
SUP001,AlphaSteel,MAT101,Steel Rod,273,10,95,2024-01-15,False,27.3,9006,-8733,True
SUP002,BetaMetals,MAT104,Steel Sheet,66,25,100,2024-01-15,True,2.6,9228,-9162,True
SUP004,DeltaIron,MAT104,Steel Sheet,217,11,166,2024-01-15,False,19.7,9228,-9011,True
SUP005,PrimeSteel,MAT101,Steel Rod,145,37,101,2024-01-15,False,3.9,9006,-8861,True
SUP005,PrimeSteel,MAT100,Steel Coil,313,20,121,2024-01-15,False,15.6,9961,-9648,True
SUP005,PrimeSteel,MAT101,Steel Rod,328,37,155,2024-01-15,False,8.9,9006,-8678,True
SUP005,PrimeSteel,MAT102,Steel Plate,370,12,118,2024-01-15,False,30.8,8104,-7734,True
SUP005,PrimeSteel,MAT102,Steel Plate,76,9,91,2024-01-15,True,8.4,8104,-8028,True
SUP005,PrimeSteel,MAT101,Steel Rod,152,25,118,2024-01-15,False,6.1,9006,-8854,True
SUP005,PrimeSteel,MAT102,Steel Plate,403,7,117,2024-01-15,False,57.6,8104,-7701,True
SUP005,PrimeSteel,MAT100,Steel Coil,431,27,112,2024-01-15,False,16.0,9961,-9530,True
SUP001,AlphaSteel,MAT102,Steel Plate,375,17,121,2024-01-15,False,22.1,8104,-7729,True
SUP004,DeltaIron,MAT104,Steel Sheet,280,36,130,2024-01-15,False,7.8,9228,-8948,True
SUP003,CoreSteel,MAT101,Steel Rod,250,14,101,2024-01-15,False,17.9,9006,-8756,True
SUP004,DeltaIron,MAT102,Steel Plate,428,7,111,2024-01-15,False,61.1,8104,-7676,True
SUP002,BetaMetals,MAT101,Steel Rod,293,32,101,2024-01-15,False,9.2,9006,-8713,True
SUP005,PrimeSteel,MAT103,Steel Bar,101,7,163,2024-01-15,True,14.4,7548,-7447,True
SUP003,CoreSteel,MAT100,Steel Coil,83,23,192,2024-01-15,True,3.6,9961,-9878,True
SUP003,CoreSteel,MAT100,Steel Coil,286,36,155,2024-01-15,False,7.9,9961,-9675,True
SUP003,CoreSteel,MAT101,Steel Rod,397,38,183,2024-01-15,False,10.4,9006,-8609,True
SUP005,PrimeSteel,MAT102,Steel Plate,472,5,124,2024-01-15,False,94.4,8104,-7632,True
SUP003,CoreSteel,MAT101,Steel Rod,106,16,139,2024-01-15,True,6.6,9006,-8900,True
SUP003,CoreSteel,MAT100,Steel Coil,451,21,175,2024-01-15,False,21.5,9961,-9510,True
SUP004,DeltaIron,MAT103,Steel Bar,476,34,136,2024-01-15,False,14.0,7548,-7072,True
SUP003,CoreSteel,MAT104,Steel Sheet,316,17,90,2024-01-15,False,18.6,9228,-8912,True
SUP004,DeltaIron,MAT103,Steel Bar,313,36,118,2024-01-15,False,8.7,7548,-7235,True
SUP003,CoreSteel,MAT100,Steel Coil,55,19,169,2024-01-15,True,2.9,9961,-9906,True
SUP005,PrimeSteel,MAT102,Steel Plate,209,15,132,2024-01-15,False,13.9,8104,-7895,True
SUP002,BetaMetals,MAT100,Steel Coil,370,20,197,2024-01-15,False,18.5,9961,-9591,True
SUP005,PrimeSteel,MAT101,Steel Rod,252,32,184,2024-01-15,False,7.9,9006,-8754,True
SUP002,BetaMetals,MAT104,Steel Sheet,128,18,160,2024-01-15,True,7.1,9228,-9100,True
SUP003,CoreSteel,MAT104,Steel Sheet,339,33,194,2024-01-15,False,10.3,9228,-8889,True
SUP003,CoreSteel,MAT102,Steel Plate,427,11,80,2024-01-15,False,38.8,8104,-7677,True
SUP005,PrimeSteel,MAT100,Steel Coil,282,27,169,2024-01-15,False,10.4,9961,-9679,True
SUP005,PrimeSteel,MAT102,Steel Plate,236,8,172,2024-01-15,False,29.5,8104,-7868,True
SUP003,CoreSteel,MAT101,Steel Rod,295,32,171,2024-01-15,False,9.2,9006,-8711,True
SUP004,DeltaIron,MAT103,Steel Bar,198,20,96,2024-01-15,False,9.9,7548,-7350,True
SUP002,BetaMetals,MAT103,Steel Bar,54,15,137,2024-01-15,True,3.6,7548,-7494,True
SUP005,PrimeSteel,MAT100,Steel Coil,231,38,175,2024-01-15,False,6.1,9961,-9730,True
SUP002,BetaMetals,MAT101,Steel Rod,233,24,160,2024-01-15,False,9.7,9006,-8773,True
SUP002,BetaMetals,MAT102,Steel Plate,82,7,105,2024-01-15,True,11.7,8104,-8022,True
SUP003,CoreSteel,MAT104,Steel Sheet,486,15,165,2024-01-15,False,32.4,9228,-8742,True
SUP001,AlphaSteel,MAT101,Steel Rod,98,9,103,2024-01-15,True,10.9,9006,-8908,True
SUP001,AlphaSteel,MAT101,Steel Rod,174,15,189,2024-01-15,True,11.6,9006,-8832,True
SUP005,PrimeSteel,MAT104,Steel Sheet,239,33,155,2024-01-15,False,7.2,9228,-8989,True
SUP001,AlphaSteel,MAT102,Steel Plate,124,23,136,2024-01-15,True,5.4,8104,-7980,True
SUP002,BetaMetals,MAT101,Steel Rod,210,39,116,2024-01-15,False,5.4,9006,-8796,True
SUP005,PrimeSteel,MAT102,Steel Plate,428,6,194,2024-01-15,False,71.3,8104,-7676,True
SUP001,AlphaSteel,MAT101,Steel Rod,446,26,104,2024-01-15,False,17.2,9006,-8560,True
SUP004,DeltaIron,MAT104,Steel Sheet,249,10,109,2024-01-15,False,24.9,9228,-8979,True
SUP003,CoreSteel,MAT103,Steel Bar,395,15,83,2024-01-15,False,26.3,7548,-7153,True
SUP003,CoreSteel,MAT100,Steel Coil,195,21,102,2024-01-15,False,9.3,9961,-9766,True
SUP005,PrimeSteel,MAT100,Steel Coil,254,31,160,2024-01-15,False,8.2,9961,-9707,True
SUP005,PrimeSteel,MAT100,Steel Coil,171,9,176,2024-01-15,True,19.0,9961,-9790,True
SUP003,CoreSteel,MAT100,Steel Coil,374,19,153,2024-01-15,False,19.7,9961,-9587,True
SUP005,PrimeSteel,MAT100,Steel Coil,63,36,154,2024-01-15,True,1.8,9961,-9898,True
SUP004,DeltaIron,MAT104,Steel Sheet,333,35,130,2024-01-15,False,9.5,9228,-8895,True
SUP002,BetaMetals,MAT100,Steel Coil,156,22,143,2024-01-15,False,7.1,9961,-9805,True
SUP004,DeltaIron,MAT101,Steel Rod,450,10,145,2024-01-15,False,45.0,9006,-8556,True
SUP001,AlphaSteel,MAT103,Steel Bar,272,17,85,2024-01-15,False,16.0,7548,-7276,True
SUP004,DeltaIron,MAT104,Steel Sheet,252,11,118,2024-01-15,False,22.9,9228,-8976,True
SUP004,DeltaIron,MAT100,Steel Coil,373,34,124,2024-01-15,False,11.0,9961,-9588,True
SUP003,CoreSteel,MAT101,Steel Rod,146,35,131,2024-01-15,False,4.2,9006,-8860,True
SUP002,BetaMetals,MAT103,Steel Bar,475,36,153,2024-01-15,False,13.2,7548,-7073,True
SUP004,DeltaIron,MAT100,Steel Coil,429,17,126,2024-01-15,False,25.2,9961,-9532,True
SUP005,PrimeSteel,MAT100,Steel Coil,354,5,93,2024-01-15,False,70.8,9961,-9607,True
SUP003,CoreSteel,MAT102,Steel Plate,327,6,144,2024-01-15,False,54.5,8104,-7777,True
SUP004,DeltaIron,MAT101,Steel Rod,499,31,143,2024-01-15,False,16.1,9006,-8507,True
SUP004,DeltaIron,MAT102,Steel Plate,254,34,118,2024-01-15,False,7.5,8104,-7850,True
SUP004,DeltaIron,MAT100,Steel Coil,73,33,159,2024-01-15,True,2.2,9961,-9888,True
SUP002,BetaMetals,MAT104,Steel Sheet,103,13,116,2024-01-15,True,7.9,9228,-9125,True
SUP001,AlphaSteel,MAT102,Steel Plate,314,24,128,2024-01-15,False,13.1,8104,-7790,True
SUP002,BetaMetals,MAT100,Steel Coil,312,23,105,2024-01-15,False,13.6,9961,-9649,True
SUP003,CoreSteel,MAT103,Steel Bar,343,29,171,2024-01-15,False,11.8,7548,-7205,True
SUP004,DeltaIron,MAT102,Steel Plate,303,10,181,2024-01-15,False,30.3,8104,-7801,True
SUP002,BetaMetals,MAT102,Steel Plate,350,39,151,2024-01-15,False,9.0,8104,-7754,True
SUP004,DeltaIron,MAT103,Steel Bar,372,14,182,2024-01-15,False,26.6,7548,-7176,True
SUP003,CoreSteel,MAT103,Steel Bar,54,30,91,2024-01-15,True,1.8,7548,-7494,True
SUP004,DeltaIron,MAT101,Steel Rod,252,35,111,2024-01-15,False,7.2,9006,-8754,True
SUP001,AlphaSteel,MAT102,Steel Plate,298,19,127,2024-01-15,False,15.7,8104,-7806,True
SUP005,PrimeSteel,MAT103,Steel Bar,182,39,199,2024-01-15,True,4.7,7548,-7366,True
SUP004,DeltaIron,MAT104,Steel Sheet,256,32,155,2024-01-15,False,8.0,9228,-8972,True
SUP002,BetaMetals,MAT103,Steel Bar,464,18,163,2024-01-15,False,25.8,7548,-7084,True
SUP002,BetaMetals,MAT104,Steel Sheet,430,9,151,2024-01-15,False,47.8,9228,-8798,True
SUP003,CoreSteel,MAT101,Steel Rod,414,17,109,2024-01-15,False,24.4,9006,-8592,True
SUP005,PrimeSteel,MAT100,Steel Coil,255,21,173,2024-01-15,False,12.1,9961,-9706,True
SUP002,BetaMetals,MAT104,Steel Sheet,82,32,123,2024-01-15,True,2.6,9228,-9146,True
SUP003,CoreSteel,MAT101,Steel Rod,75,25,141,2024-01-15,True,3.0,9006,-8931,True
SUP001,AlphaSteel,MAT104,Steel Sheet,282,17,198,2024-01-15,False,16.6,9228,-8946,True
SUP002,BetaMetals,MAT104,Steel Sheet,464,24,149,2024-01-15,False,19.3,9228,-8764,True
SUP003,CoreSteel,MAT100,Steel Coil,65,7,146,2024-01-15,True,9.3,9961,-9896,True
SUP002,BetaMetals,MAT100,Steel Coil,75,26,136,2024-01-15,True,2.9,9961,-9886,True
SUP002,BetaMetals,MAT101,Steel Rod,470,16,123,2024-01-15,False,29.4,9006,-8536,True
SUP003,CoreSteel,MAT100,Steel Coil,382,11,159,2024-01-15,False,34.7,9961,-9579,True
SUP004,DeltaIron,MAT104,Steel Sheet,490,14,178,2024-01-15,False,35.0,9228,-8738,True
SUP002,BetaMetals,MAT100,Steel Coil,465,10,130,2024-01-15,False,46.5,9961,-9496,True
SUP002,BetaMetals,MAT102,Steel Plate,444,8,194,2024-01-15,False,55.5,8104,-7660,True
SUP005,PrimeSteel,MAT102,Steel Plate,300,16,170,2024-01-15,False,18.8,8104,-7804,True
SUP004,DeltaIron,MAT104,Steel Sheet,216,26,196,2024-01-15,False,8.3,9228,-9012,True
SUP005,PrimeSteel,MAT104,Steel Sheet,223,21,102,2024-01-15,False,10.6,9228,-9005,True
SUP002,BetaMetals,MAT103,Steel Bar,377,39,84,2024-01-15,False,9.7,7548,-7171,True
SUP003,CoreSteel,MAT100,Steel Coil,202,30,108,2024-01-15,False,6.7,9961,-9759,True
SUP001,AlphaSteel,MAT101,Steel Rod,296,14,146,2024-01-15,False,21.1,9006,-8710,True
SUP003,CoreSteel,MAT100,Steel Coil,91,5,142,2024-01-15,True,18.2,9961,-9870,True
SUP004,DeltaIron,MAT101,Steel Rod,492,34,194,2024-01-15,False,14.5,9006,-8514,True
SUP003,CoreSteel,MAT104,Steel Sheet,210,12,136,2024-01-15,False,17.5,9228,-9018,True
SUP001,AlphaSteel,MAT101,Steel Rod,206,22,192,2024-01-15,False,9.4,9006,-8800,True
SUP004,DeltaIron,MAT102,Steel Plate,273,5,120,2024-01-15,False,54.6,8104,-7831,True
SUP004,DeltaIron,MAT101,Steel Rod,115,29,110,2024-01-15,False,4.0,9006,-8891,True
SUP002,BetaMetals,MAT101,Steel Rod,50,29,195,2024-01-15,True,1.7,9006,-8956,True
SUP004,DeltaIron,MAT103,Steel Bar,476,25,132,2024-01-15,False,19.0,7548,-7072,True
SUP002,BetaMetals,MAT100,Steel Coil,97,15,137,2024-01-15,True,6.5,9961,-9864,True
SUP002,BetaMetals,MAT103,Steel Bar,201,6,120,2024-01-15,False,33.5,7548,-7347,True
SUP004,DeltaIron,MAT104,Steel Sheet,182,21,86,2024-01-15,False,8.7,9228,-9046,True
SUP003,CoreSteel,MAT104,Steel Sheet,420,22,167,2024-01-15,False,19.1,9228,-8808,True
SUP005,PrimeSteel,MAT103,Steel Bar,127,12,81,2024-01-15,False,10.6,7548,-7421,True
SUP004,DeltaIron,MAT104,Steel Sheet,227,21,138,2024-01-15,False,10.8,9228,-9001,True
SUP003,CoreSteel,MAT103,Steel Bar,486,39,123,2024-01-15,False,12.5,7548,-7062,True
SUP005,PrimeSteel,MAT101,Steel Rod,329,32,105,2024-01-15,False,10.3,9006,-8677,True
SUP001,AlphaSteel,MAT103,Steel Bar,265,12,153,2024-01-15,False,22.1,7548,-7283,True
SUP005,PrimeSteel,MAT102,Steel Plate,412,23,102,2024-01-15,False,17.9,8104,-7692,True
SUP003,CoreSteel,MAT103,Steel Bar,181,35,157,2024-01-15,False,5.2,7548,-7367,True
SUP001,AlphaSteel,MAT102,Steel Plate,88,34,95,2024-01-15,True,2.6,8104,-8016,True
SUP003,CoreSteel,MAT103,Steel Bar,109,10,89,2024-01-15,False,10.9,7548,-7439,True
SUP001,AlphaSteel,MAT102,Steel Plate,322,31,131,2024-01-15,False,10.4,8104,-7782,True
SUP005,PrimeSteel,MAT101,Steel Rod,342,12,161,2024-01-15,False,28.5,9006,-8664,True
SUP004,DeltaIron,MAT101,Steel Rod,200,10,139,2024-01-15,False,20.0,9006,-8806,True
SUP002,BetaMetals,MAT102,Steel Plate,456,9,105,2024-01-15,False,50.7,8104,-7648,True
SUP005,PrimeSteel,MAT101,Steel Rod,351,33,198,2024-01-15,False,10.6,9006,-8655,True
SUP005,PrimeSteel,MAT101,Steel Rod,393,17,168,2024-01-15,False,23.1,9006,-8613,True
SUP005,PrimeSteel,MAT103,Steel Bar,180,28,120,2024-01-15,False,6.4,7548,-7368,True
SUP005,PrimeSteel,MAT103,Steel Bar,92,7,93,2024-01-15,True,13.1,7548,-7456,True
SUP005,PrimeSteel,MAT103,Steel Bar,272,8,186,2024-01-15,False,34.0,7548,-7276,True
SUP004,DeltaIron,MAT103,Steel Bar,433,11,147,2024-01-15,False,39.4,7548,-7115,True
SUP005,PrimeSteel,MAT104,Steel Sheet,254,10,193,2024-01-15,False,25.4,9228,-8974,True
SUP001,AlphaSteel,MAT102,Steel Plate,234,28,146,2024-01-15,False,8.4,8104,-7870,True
SUP001,AlphaSteel,MAT104,Steel Sheet,211,17,185,2024-01-15,False,12.4,9228,-9017,True
SUP001,AlphaSteel,MAT100,Steel Coil,486,22,123,2024-01-15,False,22.1,9961,-9475,True
SUP002,BetaMetals,MAT102,Steel Plate,336,18,175,2024-01-15,False,18.7,8104,-7768,True
SUP002,BetaMetals,MAT104,Steel Sheet,322,16,170,2024-01-15,False,20.1,9228,-8906,True
SUP003,CoreSteel,MAT102,Steel Plate,190,32,161,2024-01-15,False,5.9,8104,-7914,True
SUP002,BetaMetals,MAT103,Steel Bar,317,37,144,2024-01-15,False,8.6,7548,-7231,True
SUP001,AlphaSteel,MAT100,Steel Coil,85,25,102,2024-01-15,True,3.4,9961,-9876,True
SUP003,CoreSteel,MAT100,Steel Coil,354,28,187,2024-01-15,False,12.6,9961,-9607,True
SUP004,DeltaIron,MAT104,Steel Sheet,386,27,90,2024-01-15,False,14.3,9228,-8842,True
SUP005,PrimeSteel,MAT100,Steel Coil,238,24,195,2024-01-15,False,9.9,9961,-9723,True
SUP005,PrimeSteel,MAT101,Steel Rod,216,17,187,2024-01-15,False,12.7,9006,-8790,True
SUP001,AlphaSteel,MAT101,Steel Rod,410,31,86,2024-01-15,False,13.2,9006,-8596,True
SUP003,CoreSteel,MAT103,Steel Bar,159,30,174,2024-01-15,True,5.3,7548,-7389,True
SUP004,DeltaIron,MAT104,Steel Sheet,347,6,143,2024-01-15,False,57.8,9228,-8881,True
SUP004,DeltaIron,MAT100,Steel Coil,131,22,173,2024-01-15,True,6.0,9961,-9830,True
SUP004,DeltaIron,MAT103,Steel Bar,227,11,149,2024-01-15,False,20.6,7548,-7321,True
SUP005,PrimeSteel,MAT100,Steel Coil,377,14,153,2024-01-15,False,26.9,9961,-9584,True
SUP005,PrimeSteel,MAT104,Steel Sheet,181,20,83,2024-01-15,False,9.0,9228,-9047,True
SUP004,DeltaIron,MAT103,Steel Bar,299,11,167,2024-01-15,False,27.2,7548,-7249,True
SUP003,CoreSteel,MAT101,Steel Rod,147,31,192,2024-01-15,True,4.7,9006,-8859,True
SUP003,CoreSteel,MAT101,Steel Rod,111,34,111,2024-01-15,False,3.3,9006,-8895,True
SUP002,BetaMetals,MAT103,Steel Bar,415,13,150,2024-01-15,False,31.9,7548,-7133,True
SUP004,DeltaIron,MAT102,Steel Plate,388,18,178,2024-01-15,False,21.6,8104,-7716,True
SUP005,PrimeSteel,MAT104,Steel Sheet,210,37,93,2024-01-15,False,5.7,9228,-9018,True
SUP003,CoreSteel,MAT100,Steel Coil,286,26,169,2024-01-15,False,11.0,9961,-9675,True
SUP002,BetaMetals,MAT100,Steel Coil,438,12,120,2024-01-15,False,36.5,9961,-9523,True
SUP004,DeltaIron,MAT103,Steel Bar,233,29,118,2024-01-15,False,8.0,7548,-7315,True
SUP005,PrimeSteel,MAT101,Steel Rod,421,36,113,2024-01-15,False,11.7,9006,-8585,True
SUP001,AlphaSteel,MAT103,Steel Bar,408,39,81,2024-01-15,False,10.5,7548,-7140,True
SUP001,AlphaSteel,MAT103,Steel Bar,161,18,88,2024-01-15,False,8.9,7548,-7387,True
SUP001,AlphaSteel,MAT100,Steel Coil,380,35,114,2024-01-15,False,10.9,9961,-9581,True
SUP004,DeltaIron,MAT101,Steel Rod,68,13,119,2024-01-15,True,5.2,9006,-8938,True
SUP003,CoreSteel,MAT103,Steel Bar,201,36,125,2024-01-15,False,5.6,7548,-7347,True
SUP001,AlphaSteel,MAT104,Steel Sheet,124,16,175,2024-01-15,True,7.8,9228,-9104,True
SUP002,BetaMetals,MAT102,Steel Plate,232,15,198,2024-01-15,False,15.5,8104,-7872,True
SUP005,PrimeSteel,MAT103,Steel Bar,163,16,170,2024-01-15,True,10.2,7548,-7385,True
SUP004,DeltaIron,MAT102,Steel Plate,139,20,166,2024-01-15,True,7.0,8104,-7965,True
SUP001,AlphaSteel,MAT101,Steel Rod,345,31,98,2024-01-15,False,11.1,9006,-8661,True
SUP005,PrimeSteel,MAT103,Steel Bar,101,27,146,2024-01-15,True,3.7,7548,-7447,True
SUP003,CoreSteel,MAT102,Steel Plate,163,27,122,2024-01-15,False,6.0,8104,-7941,True
SUP004,DeltaIron,MAT100,Steel Coil,116,18,155,2024-01-15,True,6.4,9961,-9845,True
SUP005,PrimeSteel,MAT100,Steel Coil,227,33,177,2024-01-15,False,6.9,9961,-9734,True
SUP003,CoreSteel,MAT100,Steel Coil,128,25,157,2024-01-15,True,5.1,9961,-9833,True
SUP002,BetaMetals,MAT102,Steel Plate,477,8,187,2024-01-15,False,59.6,8104,-7627,True
SUP002,BetaMetals,MAT101,Steel Rod,285,35,196,2024-01-15,False,8.1,9006,-8721,True
SUP001,AlphaSteel,MAT103,Steel Bar,334,21,198,2024-01-15,False,15.9,7548,-7214,True
SUP005,PrimeSteel,MAT102,Steel Plate,87,14,163,2024-01-15,True,6.2,8104,-8017,True
SUP005,PrimeSteel,MAT104,Steel Sheet,308,6,188,2024-01-15,False,51.3,9228,-8920,True
SUP002,BetaMetals,MAT103,Steel Bar,483,29,114,2024-01-15,False,16.7,7548,-7065,True
SUP002,BetaMetals,MAT101,Steel Rod,428,33,139,2024-01-15,False,13.0,9006,-8578,True
SUP003,CoreSteel,MAT100,Steel Coil,82,34,92,2024-01-15,True,2.4,9961,-9879,True
SUP001,AlphaSteel,MAT102,Steel Plate,77,24,82,2024-01-15,True,3.2,8104,-8027,True
SUP004,DeltaIron,MAT102,Steel Plate,488,14,184,2024-01-15,False,34.9,8104,-7616,True
SUP003,CoreSteel,MAT100,Steel Coil,140,25,128,2024-01-15,False,5.6,9961,-9821,True
SUP001,AlphaSteel,MAT101,Steel Rod,362,25,150,2024-01-15,False,14.5,9006,-8644,True
SUP003,CoreSteel,MAT100,Steel Coil,137,14,196,2024-01-15,True,9.8,9961,-9824,True
SUP001,AlphaSteel,MAT104,Steel Sheet,174,18,190,2024-01-15,True,9.7,9228,-9054,True
SUP004,DeltaIron,MAT100,Steel Coil,73,20,182,2024-01-15,True,3.6,9961,-9888,True
SUP001,AlphaSteel,MAT101,Steel Rod,405,33,173,2024-01-15,False,12.3,9006,-8601,True
SUP003,CoreSteel,MAT101,Steel Rod,457,7,198,2024-01-15,False,65.3,9006,-8549,True
SUP004,DeltaIron,MAT103,Steel Bar,99,10,126,2024-01-15,True,9.9,7548,-7449,True
SUP004,DeltaIron,MAT102,Steel Plate,340,15,115,2024-01-15,False,22.7,8104,-7764,True
SUP003,CoreSteel,MAT104,Steel Sheet,229,25,139,2024-01-15,False,9.2,9228,-8999,True
SUP001,AlphaSteel,MAT104,Steel Sheet,469,23,89,2024-01-15,False,20.4,9228,-8759,True
SUP004,DeltaIron,MAT101,Steel Rod,114,26,137,2024-01-15,True,4.4,9006,-8892,True
SUP001,AlphaSteel,MAT101,Steel Rod,219,25,153,2024-01-15,False,8.8,9006,-8787,True
SUP005,PrimeSteel,MAT102,Steel Plate,315,31,81,2024-01-15,False,10.2,8104,-7789,True
SUP002,BetaMetals,MAT100,Steel Coil,344,32,172,2024-01-15,False,10.8,9961,-9617,True
SUP005,PrimeSteel,MAT104,Steel Sheet,102,22,94,2024-01-15,False,4.6,9228,-9126,True
SUP002,BetaMetals,MAT104,Steel Sheet,94,21,127,2024-01-15,True,4.5,9228,-9134,True
SUP004,DeltaIron,MAT103,Steel Bar,119,13,135,2024-01-15,True,9.2,7548,-7429,True
SUP003,CoreSteel,MAT102,Steel Plate,451,22,136,2024-01-15,False,20.5,8104,-7653,True
SUP001,AlphaSteel,MAT100,Steel Coil,333,11,110,2024-01-15,False,30.3,9961,-9628,True
SUP003,CoreSteel,MAT101,Steel Rod,181,21,132,2024-01-15,False,8.6,9006,-8825,True
SUP001,AlphaSteel,MAT104,Steel Sheet,415,28,143,2024-01-15,False,14.8,9228,-8813,True
SUP005,PrimeSteel,MAT102,Steel Plate,200,17,105,2024-01-15,False,11.8,8104,-7904,True
SUP003,CoreSteel,MAT100,Steel Coil,168,21,163,2024-01-15,False,8.0,9961,-9793,True
SUP002,BetaMetals,MAT102,Steel Plate,255,26,132,2024-01-15,False,9.8,8104,-7849,True
SUP005,PrimeSteel,MAT101,Steel Rod,129,7,151,2024-01-15,True,18.4,9006,-8877,True
SUP001,AlphaSteel,MAT100,Steel Coil,374,27,135,2024-01-15,False,13.9,9961,-9587,True
SUP002,BetaMetals,MAT103,Steel Bar,388,16,104,2024-01-15,False,24.2,7548,-7160,True
SUP004,DeltaIron,MAT103,Steel Bar,388,32,138,2024-01-15,False,12.1,7548,-7160,True
SUP002,BetaMetals,MAT104,Steel Sheet,466,25,181,2024-01-15,False,18.6,9228,-8762,True
SUP004,DeltaIron,MAT104,Steel Sheet,467,34,163,2024-01-15,False,13.7,9228,-8761,True
SUP003,CoreSteel,MAT102,Steel Plate,93,18,150,2024-01-15,True,5.2,8104,-8011,True
SUP005,PrimeSteel,MAT104,Steel Sheet,198,10,189,2024-01-15,False,19.8,9228,-9030,True
SUP001,AlphaSteel,MAT100,Steel Coil,135,29,85,2024-01-15,False,4.7,9961,-9826,True
SUP005,PrimeSteel,MAT101,Steel Rod,244,5,90,2024-01-15,False,48.8,9006,-8762,True
SUP005,PrimeSteel,MAT101,Steel Rod,400,8,112,2024-01-15,False,50.0,9006,-8606,True
SUP003,CoreSteel,MAT101,Steel Rod,101,6,96,2024-01-15,False,16.8,9006,-8905,True
SUP003,CoreSteel,MAT100,Steel Coil,208,30,127,2024-01-15,False,6.9,9961,-9753,True
SUP002,BetaMetals,MAT102,Steel Plate,63,23,124,2024-01-15,True,2.7,8104,-8041,True
SUP002,BetaMetals,MAT102,Steel Plate,100,30,91,2024-01-15,False,3.3,8104,-8004,True
SUP001,AlphaSteel,MAT104,Steel Sheet,71,22,104,2024-01-15,True,3.2,9228,-9157,True
SUP004,DeltaIron,MAT101,Steel Rod,348,8,140,2024-01-15,False,43.5,9006,-8658,True
SUP003,CoreSteel,MAT101,Steel Rod,106,33,92,2024-01-15,False,3.2,9006,-8900,True
